/*
SQLyog  v12.2.6 (64 bit)
MySQL - 5.5.19 : Database - his_upgrade_publish
*********************************************************************
*/

/*!40101 SET NAMES utf8 */;

/*!40101 SET SQL_MODE=''*/;

/*!40014 SET @OLD_UNIQUE_CHECKS=@@UNIQUE_CHECKS, UNIQUE_CHECKS=0 */;
/*!40014 SET @OLD_FOREIGN_KEY_CHECKS=@@FOREIGN_KEY_CHECKS, FOREIGN_KEY_CHECKS=0 */;
/*!40101 SET @OLD_SQL_MODE=@@SQL_MODE, SQL_MODE='NO_AUTO_VALUE_ON_ZERO' */;
/*!40111 SET @OLD_SQL_NOTES=@@SQL_NOTES, SQL_NOTES=0 */;
USE `his_upgrade_publish`;

/*Table structure for table `gen_table` */

DROP TABLE IF EXISTS `gen_table`;

CREATE TABLE `gen_table` (
  `table_id` bigint(20) NOT NULL AUTO_INCREMENT COMMENT 'ç¼–å·',
  `table_name` varchar(200) DEFAULT '' COMMENT 'è¡¨åç§°',
  `table_comment` varchar(500) DEFAULT '' COMMENT 'è¡¨æè¿°',
  `sub_table_name` varchar(64) DEFAULT NULL COMMENT 'å…³è”å­è¡¨çš„è¡¨å',
  `sub_table_fk_name` varchar(64) DEFAULT NULL COMMENT 'å­è¡¨å…³è”çš„å¤–é”®å',
  `class_name` varchar(100) DEFAULT '' COMMENT 'å®ä½“ç±»åç§°',
  `tpl_category` varchar(200) DEFAULT 'crud' COMMENT 'ä½¿ç”¨çš„æ¨¡æ¿ï¼ˆcrudå•è¡¨æ“ä½œ treeæ ‘è¡¨æ“ä½œ subä¸»å­è¡¨æ“ä½œï¼‰',
  `package_name` varchar(100) DEFAULT NULL COMMENT 'ç”ŸæˆåŒ…è·¯å¾„',
  `module_name` varchar(30) DEFAULT NULL COMMENT 'ç”Ÿæˆæ¨¡å—å',
  `business_name` varchar(30) DEFAULT NULL COMMENT 'ç”Ÿæˆä¸šåŠ¡å',
  `function_name` varchar(50) DEFAULT NULL COMMENT 'ç”ŸæˆåŠŸèƒ½å',
  `function_author` varchar(50) DEFAULT NULL COMMENT 'ç”ŸæˆåŠŸèƒ½ä½œè€…',
  `gen_type` char(1) DEFAULT '0' COMMENT 'ç”Ÿæˆä»£ç æ–¹å¼ï¼ˆ0zipå‹ç¼©åŒ… 1è‡ªå®šä¹‰è·¯å¾„ï¼‰',
  `gen_path` varchar(200) DEFAULT '/' COMMENT 'ç”Ÿæˆè·¯å¾„ï¼ˆä¸å¡«é»˜è®¤é¡¹ç›®è·¯å¾„ï¼‰',
  `options` varchar(1000) DEFAULT NULL COMMENT 'å…¶å®ƒç”Ÿæˆé€‰é¡¹',
  `create_by` varchar(64) DEFAULT '' COMMENT 'åˆ›å»ºè€…',
  `create_time` datetime DEFAULT NULL COMMENT 'åˆ›å»ºæ—¶é—´',
  `update_by` varchar(64) DEFAULT '' COMMENT 'æ›´æ–°è€…',
  `update_time` datetime DEFAULT NULL COMMENT 'æ›´æ–°æ—¶é—´',
  `remark` varchar(500) DEFAULT NULL COMMENT 'å¤‡æ³¨',
  PRIMARY KEY (`table_id`)
) ENGINE=InnoDB AUTO_INCREMENT=12 DEFAULT CHARSET=utf8 COMMENT='ä»£ç ç”Ÿæˆä¸šåŠ¡è¡¨';

/*Data for the table `gen_table` */

insert  into `gen_table`(`table_id`,`table_name`,`table_comment`,`sub_table_name`,`sub_table_fk_name`,`class_name`,`tpl_category`,`package_name`,`module_name`,`business_name`,`function_name`,`function_author`,`gen_type`,`gen_path`,`options`,`create_by`,`create_time`,`update_by`,`update_time`,`remark`) values 
(1,'up_product','äº§å“è¡¨','',NULL,'UpProduct','crud','com.kyee.upgrade','upgrade','product','äº§å“ç®¡ç†','lijunqiang','0','/','{\"parentMenuId\":\"1062\",\"treeName\":\"\",\"treeParentCode\":\"\",\"parentMenuName\":\"è¡¥ä¸ç®¡ç†\",\"treeCode\":\"\"}','admin','2021-06-10 00:04:52','','2021-06-10 00:12:29',''),
(2,'up_project','é¡¹ç›®è¡¨','',NULL,'UpProject','crud','com.kyee.upgrade','upgrade','project','é¡¹ç›®ç®¡ç†','lijunqiang','0','/','{\"parentMenuId\":\"1062\",\"treeName\":\"\",\"treeParentCode\":\"\",\"parentMenuName\":\"è¡¥ä¸ç®¡ç†\",\"treeCode\":\"\"}','admin','2021-06-10 00:54:44','','2021-06-13 10:14:18',''),
(3,'up_project_product','é¡¹ç›®äº§å“è¡¨','',NULL,'UpProjectProduct','crud','com.kyee.upgrade','upgrade','projectProduct','é¡¹ç›®äº§å“','lijunqiang','1','E:\\git_repository\\LAWU\\RuoYi\\ruoyi-admin\\src','{\"parentMenuId\":\"1071\",\"treeName\":\"\",\"treeParentCode\":\"\",\"parentMenuName\":\"é¡¹ç›®ç®¡ç†\",\"treeCode\":\"\"}','admin','2021-06-10 01:01:43','','2021-06-10 12:41:47',''),
(5,'up_project_server','é¡¹ç›®åº”ç”¨æœåŠ¡è¡¨','',NULL,'UpProjectServer','crud','com.kyee.upgrade','upgrade','projectServer','é¡¹ç›®åº”ç”¨æœåŠ¡','lijunqiang','0','/','{\"parentMenuId\":\"1062\",\"treeName\":\"\",\"treeParentCode\":\"\",\"parentMenuName\":\"è¡¥ä¸ç®¡ç†\",\"treeCode\":\"\"}','admin','2021-06-10 22:48:59','','2021-06-10 23:03:58',''),
(9,'up_patch','è¡¥ä¸è¡¨','',NULL,'UpPatch','crud','com.kyee.upgrade','upgrade','patch','è¡¥ä¸åŒ…ç®¡ç†','lijunqiang','0','/','{\"parentMenuId\":\"1062\",\"treeName\":\"\",\"treeParentCode\":\"\",\"parentMenuName\":\"è¡¥ä¸ç®¡ç†\",\"treeCode\":\"\"}','admin','2021-06-12 21:32:50','','2021-06-12 22:52:20',''),
(10,'up_upgrade_record','å‡çº§è®°å½•è¡¨','up_upgrade_log','server_id','UpUpgradeRecord','crud','com.kyee.upgrade','upgrade','uprecord','å‡çº§ç®¡ç†','lijunqiang','0','/','{\"parentMenuId\":\"1062\",\"treeName\":\"\",\"treeParentCode\":\"\",\"parentMenuName\":\"è¡¥ä¸ç®¡ç†\",\"treeCode\":\"\"}','admin','2021-06-13 20:51:19','','2021-06-13 22:03:07',''),
(11,'up_upgrade_log','å‡çº§æ—¥å¿—è¡¨',NULL,NULL,'UpUpgradeLog','crud','com.kyee.upgrade','upgrade','log','å‡çº§æ—¥å¿—','lijunqiang','0','/',NULL,'admin','2021-06-13 20:54:47','',NULL,NULL);

/*Table structure for table `gen_table_column` */

DROP TABLE IF EXISTS `gen_table_column`;

CREATE TABLE `gen_table_column` (
  `column_id` bigint(20) NOT NULL AUTO_INCREMENT COMMENT 'ç¼–å·',
  `table_id` varchar(64) DEFAULT NULL COMMENT 'å½’å±è¡¨ç¼–å·',
  `column_name` varchar(200) DEFAULT NULL COMMENT 'åˆ—åç§°',
  `column_comment` varchar(500) DEFAULT NULL COMMENT 'åˆ—æè¿°',
  `column_type` varchar(100) DEFAULT NULL COMMENT 'åˆ—ç±»å‹',
  `java_type` varchar(500) DEFAULT NULL COMMENT 'JAVAç±»å‹',
  `java_field` varchar(200) DEFAULT NULL COMMENT 'JAVAå­—æ®µå',
  `is_pk` char(1) DEFAULT NULL COMMENT 'æ˜¯å¦ä¸»é”®ï¼ˆ1æ˜¯ï¼‰',
  `is_increment` char(1) DEFAULT NULL COMMENT 'æ˜¯å¦è‡ªå¢ï¼ˆ1æ˜¯ï¼‰',
  `is_required` char(1) DEFAULT NULL COMMENT 'æ˜¯å¦å¿…å¡«ï¼ˆ1æ˜¯ï¼‰',
  `is_insert` char(1) DEFAULT NULL COMMENT 'æ˜¯å¦ä¸ºæ’å…¥å­—æ®µï¼ˆ1æ˜¯ï¼‰',
  `is_edit` char(1) DEFAULT NULL COMMENT 'æ˜¯å¦ç¼–è¾‘å­—æ®µï¼ˆ1æ˜¯ï¼‰',
  `is_list` char(1) DEFAULT NULL COMMENT 'æ˜¯å¦åˆ—è¡¨å­—æ®µï¼ˆ1æ˜¯ï¼‰',
  `is_query` char(1) DEFAULT NULL COMMENT 'æ˜¯å¦æŸ¥è¯¢å­—æ®µï¼ˆ1æ˜¯ï¼‰',
  `query_type` varchar(200) DEFAULT 'EQ' COMMENT 'æŸ¥è¯¢æ–¹å¼ï¼ˆç­‰äºã€ä¸ç­‰äºã€å¤§äºã€å°äºã€èŒƒå›´ï¼‰',
  `html_type` varchar(200) DEFAULT NULL COMMENT 'æ˜¾ç¤ºç±»å‹ï¼ˆæ–‡æœ¬æ¡†ã€æ–‡æœ¬åŸŸã€ä¸‹æ‹‰æ¡†ã€å¤é€‰æ¡†ã€å•é€‰æ¡†ã€æ—¥æœŸæ§ä»¶ï¼‰',
  `dict_type` varchar(200) DEFAULT '' COMMENT 'å­—å…¸ç±»å‹',
  `sort` int(11) DEFAULT NULL COMMENT 'æ’åº',
  `create_by` varchar(64) DEFAULT '' COMMENT 'åˆ›å»ºè€…',
  `create_time` datetime DEFAULT NULL COMMENT 'åˆ›å»ºæ—¶é—´',
  `update_by` varchar(64) DEFAULT '' COMMENT 'æ›´æ–°è€…',
  `update_time` datetime DEFAULT NULL COMMENT 'æ›´æ–°æ—¶é—´',
  PRIMARY KEY (`column_id`)
) ENGINE=InnoDB AUTO_INCREMENT=123 DEFAULT CHARSET=utf8 COMMENT='ä»£ç ç”Ÿæˆä¸šåŠ¡è¡¨å­—æ®µ';

/*Data for the table `gen_table_column` */

insert  into `gen_table_column`(`column_id`,`table_id`,`column_name`,`column_comment`,`column_type`,`java_type`,`java_field`,`is_pk`,`is_increment`,`is_required`,`is_insert`,`is_edit`,`is_list`,`is_query`,`query_type`,`html_type`,`dict_type`,`sort`,`create_by`,`create_time`,`update_by`,`update_time`) values 
(1,'1','product_id','äº§å“ID','bigint(5) unsigned','Integer','productId','1','1',NULL,'1',NULL,NULL,NULL,'EQ','input','',1,'admin','2021-06-10 00:04:52',NULL,'2021-06-10 00:12:29'),
(2,'1','product_name','äº§å“å','varchar(30)','String','productName','0','0','1','1','1','1','1','LIKE','input','',2,'admin','2021-06-10 00:04:52',NULL,'2021-06-10 00:12:29'),
(4,'2','project_id','é¡¹ç›®ID','bigint(5) unsigned','Integer','projectId','1','1',NULL,'1',NULL,NULL,NULL,'EQ','input','',1,'admin','2021-06-10 00:54:44',NULL,'2021-06-13 10:14:18'),
(5,'2','project_name','é¡¹ç›®å','varchar(100)','String','projectName','0','0','1','1','1','1','1','LIKE','input','',2,'admin','2021-06-10 00:54:44',NULL,'2021-06-13 10:14:18'),
(6,'3','project_product_id','é¡¹ç›®äº§å“ID','bigint(10) unsigned','Integer','projectProductId','1','1',NULL,'1',NULL,NULL,NULL,'EQ','input','',1,'admin','2021-06-10 01:01:43',NULL,'2021-06-10 12:41:47'),
(7,'3','project_id','é¡¹ç›®ID','bigint(5)','Integer','projectId','0','0','1','1','1','1','1','EQ','select','sys_oper_type',2,'admin','2021-06-10 01:01:43',NULL,'2021-06-10 12:41:47'),
(8,'3','product_id','äº§å“ID','bigint(5)','Integer','productId','0','0','1','1','1','1','1','EQ','select','sys_notice_type',3,'admin','2021-06-10 01:01:43',NULL,'2021-06-10 12:41:48'),
(9,'3','source_branch_name','é¡¹ç›®ä»£ç åˆ†æ”¯','varchar(100)','String','sourceBranchName','0','0','1','1','1','1','1','LIKE','input','',4,'admin','2021-06-10 01:01:43',NULL,'2021-06-10 12:41:48'),
(10,'3','db_version','æ•°æ®åº“ç‰ˆæœ¬','varchar(20)','String','dbVersion','0','0',NULL,NULL,'1','1',NULL,'EQ','input','',5,'admin','2021-06-10 01:01:43',NULL,'2021-06-10 12:41:48'),
(11,'3','min_server_version','æœ€å°æœåŠ¡ç‰ˆæœ¬','varchar(20)','String','minServerVersion','0','0',NULL,NULL,'1','1',NULL,'EQ','input','',6,'admin','2021-06-10 01:01:43',NULL,'2021-06-10 12:41:48'),
(12,'3','max_server_version','æœ€å¤§æœåŠ¡ç‰ˆæœ¬','varchar(20)','String','maxServerVersion','0','0',NULL,NULL,'1','1',NULL,'EQ','input','',7,'admin','2021-06-10 01:01:43',NULL,'2021-06-10 12:41:48'),
(13,'3','last_upgrade_time','æœ€åå‡çº§æ—¶é—´','datetime','Date','lastUpgradeTime','0','0',NULL,NULL,'1','1',NULL,'EQ','datetime','',8,'admin','2021-06-10 01:01:43',NULL,'2021-06-10 12:41:48'),
(20,'5','server_id','æœåŠ¡ID','bigint(10) unsigned','Integer','serverId','0','1','1','1','1','1',NULL,'EQ','input','',1,'admin','2021-06-10 22:48:59',NULL,'2021-06-10 23:03:58'),
(21,'5','project_id','é¡¹ç›®ID','bigint(5)','Integer','projectId','0','0','1','1','1','1','1','EQ','select','',2,'admin','2021-06-10 22:48:59',NULL,'2021-06-10 23:03:58'),
(22,'5','product_id','äº§å“ID','bigint(5)','Integer','productId','0','0','1','1','1','1','1','EQ','select','',3,'admin','2021-06-10 22:48:59',NULL,'2021-06-10 23:03:58'),
(23,'5','server_ip','æœåŠ¡IP','varchar(50)','String','serverIp','0','0','1','1','1','1','1','EQ','input','',4,'admin','2021-06-10 22:48:59',NULL,'2021-06-10 23:03:58'),
(24,'5','server_port','æœåŠ¡ç«¯å£å·','int(5)','Integer','serverPort','0','0','1','1','1','1',NULL,'EQ','input','',5,'admin','2021-06-10 22:48:59',NULL,'2021-06-10 23:03:58'),
(52,'9','patch_id','è¡¥ä¸ID','bigint(15) unsigned','Long','patchId','1','1',NULL,'1',NULL,NULL,NULL,'EQ','input','',1,'admin','2021-06-12 21:32:50',NULL,'2021-06-12 22:52:20'),
(53,'9','product_id','äº§å“ID','bigint(5)','Integer','productId','0','0','1','1','1','1','1','EQ','select','',2,'admin','2021-06-12 21:32:50',NULL,'2021-06-12 22:52:20'),
(54,'9','project_id','é¡¹ç›®ID','bigint(5)','Integer','projectId','0','0','1','1','1','1','1','EQ','select','',3,'admin','2021-06-12 21:32:50',NULL,'2021-06-12 22:52:20'),
(55,'9','patch_file_name','è¡¥ä¸æ–‡ä»¶å','varchar(100)','String','patchFileName','0','0','1','1','1','1','1','LIKE','input','',4,'admin','2021-06-12 21:32:50',NULL,'2021-06-12 22:52:20'),
(56,'9','patch_file_url','è¡¥ä¸æ–‡ä»¶URL','varchar(500)','String','patchFileUrl','0','0','1','1','1','1',NULL,'EQ','textarea','',5,'admin','2021-06-12 21:32:50',NULL,'2021-06-12 22:52:20'),
(57,'9','patch_status','è¡¥ä¸çŠ¶æ€','varchar(20)','String','patchStatus','0','0',NULL,'1','1','1','1','EQ','select','up_patch_status',6,'admin','2021-06-12 21:32:50',NULL,'2021-06-12 22:52:20'),
(58,'9','bug_flag','è¯¥è¡¥ä¸æ˜¯å¦æœ‰bug','char(1)','String','bugFlag','0','0',NULL,'1','1','1','1','EQ','select','sys_yes_no',7,'admin','2021-06-12 21:32:50',NULL,'2021-06-12 22:52:20'),
(59,'9','bugfix_flag','è¯¥è¡¥ä¸æ˜¯å¦ç”¨äºä¿®å¤bug','char(1)','String','bugfixFlag','0','0',NULL,'1','1','1',NULL,'EQ','select','sys_yes_no',8,'admin','2021-06-12 21:32:50',NULL,'2021-06-12 22:52:20'),
(60,'9','bugfix_patch','ä¿®å¤å“ªä¸ªè¡¥ä¸å·çš„bug','bigint(15)','Long','bugfixPatch','0','0',NULL,'1','1','1',NULL,'EQ','input','',9,'admin','2021-06-12 21:32:50',NULL,'2021-06-12 22:52:20'),
(61,'9','sql_flag','è¯¥è¡¥ä¸æ˜¯å¦å«SQLè„šæœ¬','char(1)','String','sqlFlag','0','0',NULL,'1','1','1','1','EQ','input','',6,'','2021-06-12 22:26:58',NULL,'2021-06-12 22:52:20'),
(62,'9','create_time','åˆ›å»ºæ—¶é—´','timestamp','Date','createTime','0','0','1','1',NULL,NULL,'1','EQ','datetime','',11,'','2021-06-12 22:26:58',NULL,'2021-06-12 22:52:20'),
(65,'9','task_list','ä»»åŠ¡åˆ—è¡¨','varchar(2000)','String','taskList','0','0',NULL,'1','1','1','1','LIKE','textarea','',7,'','2021-06-12 22:50:33',NULL,'2021-06-12 22:52:20'),
(66,'9','create_by','åˆ›å»ºè€…','varchar(64)','String','createBy','0','0','1','1',NULL,NULL,NULL,'EQ','input','',12,'','2021-06-13 10:13:21','',NULL),
(67,'9','update_by','æ›´æ–°è€…','varchar(64)','String','updateBy','0','0','1','1','1',NULL,NULL,'EQ','input','',14,'','2021-06-13 10:13:21','',NULL),
(68,'9','update_time','æ›´æ–°æ—¶é—´','datetime','Date','updateTime','0','0','1','1','1',NULL,NULL,'EQ','datetime','',15,'','2021-06-13 10:13:21','',NULL),
(69,'9','del_flag','åˆ é™¤æ ‡è¯†','char(1)','String','delFlag','0','0','1','1',NULL,NULL,NULL,'EQ','input','',16,'','2021-06-13 10:13:21','',NULL),
(70,'9','remark','å¤‡æ³¨','varchar(500)','String','remark','0','0',NULL,'1','1','1',NULL,'EQ','textarea','',17,'','2021-06-13 10:13:21','',NULL),
(71,'5','create_by','åˆ›å»ºè€…','varchar(64)','String','createBy','0','0',NULL,'1',NULL,NULL,NULL,'EQ','input','',7,'','2021-06-13 10:13:24','',NULL),
(72,'5','create_time','åˆ›å»ºæ—¶é—´','datetime','Date','createTime','0','0',NULL,'1',NULL,NULL,NULL,'EQ','datetime','',8,'','2021-06-13 10:13:24','',NULL),
(73,'5','update_by','æ›´æ–°è€…','varchar(64)','String','updateBy','0','0',NULL,'1','1',NULL,NULL,'EQ','input','',9,'','2021-06-13 10:13:24','',NULL),
(74,'5','update_time','æ›´æ–°æ—¶é—´','datetime','Date','updateTime','0','0',NULL,'1','1',NULL,NULL,'EQ','datetime','',10,'','2021-06-13 10:13:24','',NULL),
(75,'5','del_flag','åˆ é™¤æ ‡è¯†','char(1)','String','delFlag','0','0',NULL,'1',NULL,NULL,NULL,'EQ','input','',11,'','2021-06-13 10:13:24','',NULL),
(76,'5','remark','å¤‡æ³¨','varchar(500)','String','remark','0','0',NULL,'1','1','1',NULL,'EQ','textarea','',12,'','2021-06-13 10:13:24','',NULL),
(77,'3','create_by','åˆ›å»ºè€…','varchar(64)','String','createBy','0','0',NULL,'1',NULL,NULL,NULL,'EQ','input','',9,'','2021-06-13 10:13:27','',NULL),
(78,'3','create_time','åˆ›å»ºæ—¶é—´','datetime','Date','createTime','0','0',NULL,'1',NULL,NULL,NULL,'EQ','datetime','',10,'','2021-06-13 10:13:27','',NULL),
(79,'3','update_by','æ›´æ–°è€…','varchar(64)','String','updateBy','0','0',NULL,'1','1',NULL,NULL,'EQ','input','',11,'','2021-06-13 10:13:27','',NULL),
(80,'3','update_time','æ›´æ–°æ—¶é—´','datetime','Date','updateTime','0','0',NULL,'1','1',NULL,NULL,'EQ','datetime','',12,'','2021-06-13 10:13:27','',NULL),
(81,'3','del_flag','åˆ é™¤æ ‡è¯†','char(1)','String','delFlag','0','0',NULL,'1',NULL,NULL,NULL,'EQ','input','',13,'','2021-06-13 10:13:27','',NULL),
(82,'3','remark','å¤‡æ³¨','varchar(500)','String','remark','0','0',NULL,'1','1','1',NULL,'EQ','textarea','',14,'','2021-06-13 10:13:27','',NULL),
(83,'2','create_by','åˆ›å»ºè€…','varchar(64)','String','createBy','0','0',NULL,'1',NULL,NULL,NULL,'EQ','input','',3,'','2021-06-13 10:13:29',NULL,'2021-06-13 10:14:18'),
(84,'2','create_time','åˆ›å»ºæ—¶é—´','datetime','Date','createTime','0','0',NULL,'1',NULL,NULL,NULL,'EQ','datetime','',4,'','2021-06-13 10:13:29',NULL,'2021-06-13 10:14:18'),
(85,'2','update_by','æ›´æ–°è€…','varchar(64)','String','updateBy','0','0',NULL,'1','1',NULL,NULL,'EQ','input','',5,'','2021-06-13 10:13:29',NULL,'2021-06-13 10:14:18'),
(86,'2','update_time','æ›´æ–°æ—¶é—´','datetime','Date','updateTime','0','0',NULL,'1','1',NULL,NULL,'EQ','datetime','',6,'','2021-06-13 10:13:29',NULL,'2021-06-13 10:14:18'),
(87,'2','del_flag','åˆ é™¤æ ‡è¯†','char(1)','String','delFlag','0','0',NULL,'1',NULL,NULL,NULL,'EQ','input','',7,'','2021-06-13 10:13:29',NULL,'2021-06-13 10:14:18'),
(88,'2','remark','å¤‡æ³¨','varchar(500)','String','remark','0','0',NULL,'1','1','1',NULL,'EQ','textarea','',8,'','2021-06-13 10:13:29',NULL,'2021-06-13 10:14:18'),
(89,'1','create_by','åˆ›å»ºè€…','varchar(64)','String','createBy','0','0',NULL,'1',NULL,NULL,NULL,'EQ','input','',3,'','2021-06-13 10:13:32','',NULL),
(90,'1','create_time','åˆ›å»ºæ—¶é—´','datetime','Date','createTime','0','0',NULL,'1',NULL,NULL,NULL,'EQ','datetime','',4,'','2021-06-13 10:13:32','',NULL),
(91,'1','update_by','æ›´æ–°è€…','varchar(64)','String','updateBy','0','0',NULL,'1','1',NULL,NULL,'EQ','input','',5,'','2021-06-13 10:13:32','',NULL),
(92,'1','update_time','æ›´æ–°æ—¶é—´','datetime','Date','updateTime','0','0',NULL,'1','1',NULL,NULL,'EQ','datetime','',6,'','2021-06-13 10:13:32','',NULL),
(93,'1','del_flag','åˆ é™¤æ ‡è¯†','char(1)','String','delFlag','0','0',NULL,'1',NULL,NULL,NULL,'EQ','input','',7,'','2021-06-13 10:13:32','',NULL),
(94,'1','remark','äº§å“å¤‡æ³¨','varchar(200)','String','remark','0','0',NULL,'1','1','1',NULL,'EQ','input','',8,'','2021-06-13 10:13:32','',NULL),
(95,'5','server_name','æœåŠ¡åç§°','varchar(100)','String','serverName','0','0','1','1','1','1','1','LIKE','input','',2,'','2021-06-13 11:18:25','',NULL),
(96,'10','upgrade_id','è®°å½•ID','bigint(15) unsigned','Long','upgradeId','1','1',NULL,'1',NULL,NULL,NULL,'EQ','input','',1,'admin','2021-06-13 20:51:19',NULL,'2021-06-13 22:03:07'),
(97,'10','server_id','æœåŠ¡ID','bigint(15)','Long','serverId','0','0','1','1','1','1','1','EQ','select','',2,'admin','2021-06-13 20:51:19',NULL,'2021-06-13 22:03:07'),
(98,'10','patch_id','è¡¥ä¸ID','bigint(15)','Long','patchId','0','0','1','1','1','1','1','EQ','select','',3,'admin','2021-06-13 20:51:19',NULL,'2021-06-13 22:03:07'),
(99,'10','up_status','å‡çº§çŠ¶æ€','char(2)','String','upStatus','0','0',NULL,'1','1','1','1','EQ','select','up_upgrade_status',4,'admin','2021-06-13 20:51:19',NULL,'2021-06-13 22:03:07'),
(100,'10','up_times','å‡çº§æ¬¡æ•°','bigint(5)','Integer','upTimes','0','0',NULL,'1','1','1',NULL,'EQ','input','',5,'admin','2021-06-13 20:51:19',NULL,'2021-06-13 22:03:07'),
(101,'10','last_up_worker','æœ€åå‡çº§äººå‘˜','varchar(30)','String','lastUpWorker','0','0',NULL,'1','1','1','1','EQ','input','',6,'admin','2021-06-13 20:51:19',NULL,'2021-06-13 22:03:07'),
(102,'10','last_up_time','æœ€åå‡çº§æ—¶é—´','datetime','Date','lastUpTime','0','0',NULL,'1','1','1',NULL,'EQ','datetime','',7,'admin','2021-06-13 20:51:19',NULL,'2021-06-13 22:03:07'),
(103,'10','create_by','åˆ›å»ºè€…','varchar(64)','String','createBy','0','0',NULL,NULL,NULL,NULL,NULL,'EQ','input','',8,'admin','2021-06-13 20:51:19',NULL,'2021-06-13 22:03:07'),
(104,'10','create_time','åˆ›å»ºæ—¶é—´','datetime','Date','createTime','0','0',NULL,NULL,NULL,NULL,NULL,'EQ','datetime','',9,'admin','2021-06-13 20:51:19',NULL,'2021-06-13 22:03:07'),
(105,'10','update_by','æ›´æ–°è€…','varchar(64)','String','updateBy','0','0',NULL,NULL,NULL,NULL,NULL,'EQ','input','',10,'admin','2021-06-13 20:51:19',NULL,'2021-06-13 22:03:07'),
(106,'10','update_time','æ›´æ–°æ—¶é—´','datetime','Date','updateTime','0','0',NULL,NULL,NULL,NULL,NULL,'EQ','datetime','',11,'admin','2021-06-13 20:51:19',NULL,'2021-06-13 22:03:07'),
(107,'10','del_flag','åˆ é™¤æ ‡è¯†','char(1)','String','delFlag','0','0',NULL,NULL,NULL,NULL,NULL,'EQ','input','',12,'admin','2021-06-13 20:51:19',NULL,'2021-06-13 22:03:07'),
(108,'10','remark','å¤‡æ³¨','varchar(500)','String','remark','0','0',NULL,'1','1',NULL,NULL,'EQ','textarea','',13,'admin','2021-06-13 20:51:19',NULL,'2021-06-13 22:03:07'),
(109,'11','log_id','æ—¥å¿—ID','bigint(15) unsigned','Long','logId','1','1',NULL,'1',NULL,NULL,NULL,'EQ','input','',1,'admin','2021-06-13 20:54:47','',NULL),
(110,'11','server_id','æœåŠ¡ID','bigint(15)','Long','serverId','0','0',NULL,'1','1','1','1','EQ','input','',2,'admin','2021-06-13 20:54:47','',NULL),
(111,'11','patch_id','è¡¥ä¸ID','bigint(15)','Long','patchId','0','0',NULL,'1','1','1','1','EQ','input','',3,'admin','2021-06-13 20:54:47','',NULL),
(112,'11','up_worker','å‡çº§äººå‘˜','varchar(50)','String','upWorker','0','0',NULL,'1','1','1','1','EQ','input','',4,'admin','2021-06-13 20:54:47','',NULL),
(113,'11','up_time','å‡çº§æ—¶é—´','datetime','Date','upTime','0','0',NULL,'1','1','1','1','EQ','datetime','',5,'admin','2021-06-13 20:54:47','',NULL),
(114,'11','log_content','æ—¥å¿—å†…å®¹','text','String','logContent','0','0',NULL,'1','1','1','1','EQ','summernote','',6,'admin','2021-06-13 20:54:47','',NULL),
(115,'11','pre_db_version','å‡çº§å‰æ•°æ®åº“ç‰ˆæœ¬','varchar(30)','String','preDbVersion','0','0',NULL,'1','1','1','1','EQ','input','',7,'admin','2021-06-13 20:54:47','',NULL),
(116,'11','pre_server_version','å‡çº§å‰æœåŠ¡ç‰ˆæœ¬','varchar(30)','String','preServerVersion','0','0',NULL,'1','1','1','1','EQ','input','',8,'admin','2021-06-13 20:54:47','',NULL),
(117,'11','create_by','åˆ›å»ºè€…','varchar(64)','String','createBy','0','0',NULL,'1',NULL,NULL,NULL,'EQ','input','',9,'admin','2021-06-13 20:54:47','',NULL),
(118,'11','create_time','åˆ›å»ºæ—¶é—´','datetime','Date','createTime','0','0',NULL,'1',NULL,NULL,NULL,'EQ','datetime','',10,'admin','2021-06-13 20:54:47','',NULL),
(119,'11','update_by','æ›´æ–°è€…','varchar(64)','String','updateBy','0','0',NULL,'1','1',NULL,NULL,'EQ','input','',11,'admin','2021-06-13 20:54:47','',NULL),
(120,'11','update_time','æ›´æ–°æ—¶é—´','datetime','Date','updateTime','0','0',NULL,'1','1',NULL,NULL,'EQ','datetime','',12,'admin','2021-06-13 20:54:47','',NULL),
(121,'11','del_flag','åˆ é™¤æ ‡è¯†','char(1)','String','delFlag','0','0',NULL,'1',NULL,NULL,NULL,'EQ','input','',13,'admin','2021-06-13 20:54:47','',NULL),
(122,'11','remark','å¤‡æ³¨','varchar(500)','String','remark','0','0',NULL,'1','1','1',NULL,'EQ','textarea','',14,'admin','2021-06-13 20:54:47','',NULL);

/*Table structure for table `qrtz_blob_triggers` */

DROP TABLE IF EXISTS `qrtz_blob_triggers`;

CREATE TABLE `qrtz_blob_triggers` (
  `sched_name` varchar(120) NOT NULL,
  `trigger_name` varchar(200) NOT NULL,
  `trigger_group` varchar(200) NOT NULL,
  `blob_data` blob,
  PRIMARY KEY (`sched_name`,`trigger_name`,`trigger_group`),
  CONSTRAINT `qrtz_blob_triggers_ibfk_1` FOREIGN KEY (`sched_name`, `trigger_name`, `trigger_group`) REFERENCES `qrtz_triggers` (`sched_name`, `trigger_name`, `trigger_group`)
) ENGINE=InnoDB DEFAULT CHARSET=utf8;

/*Data for the table `qrtz_blob_triggers` */

/*Table structure for table `qrtz_calendars` */

DROP TABLE IF EXISTS `qrtz_calendars`;

CREATE TABLE `qrtz_calendars` (
  `sched_name` varchar(120) NOT NULL,
  `calendar_name` varchar(200) NOT NULL,
  `calendar` blob NOT NULL,
  PRIMARY KEY (`sched_name`,`calendar_name`)
) ENGINE=InnoDB DEFAULT CHARSET=utf8;

/*Data for the table `qrtz_calendars` */

/*Table structure for table `qrtz_cron_triggers` */

DROP TABLE IF EXISTS `qrtz_cron_triggers`;

CREATE TABLE `qrtz_cron_triggers` (
  `sched_name` varchar(120) NOT NULL,
  `trigger_name` varchar(200) NOT NULL,
  `trigger_group` varchar(200) NOT NULL,
  `cron_expression` varchar(200) NOT NULL,
  `time_zone_id` varchar(80) DEFAULT NULL,
  PRIMARY KEY (`sched_name`,`trigger_name`,`trigger_group`),
  CONSTRAINT `qrtz_cron_triggers_ibfk_1` FOREIGN KEY (`sched_name`, `trigger_name`, `trigger_group`) REFERENCES `qrtz_triggers` (`sched_name`, `trigger_name`, `trigger_group`)
) ENGINE=InnoDB DEFAULT CHARSET=utf8;

/*Data for the table `qrtz_cron_triggers` */

insert  into `qrtz_cron_triggers`(`sched_name`,`trigger_name`,`trigger_group`,`cron_expression`,`time_zone_id`) values 
('RuoyiScheduler','TASK_CLASS_NAME1','DEFAULT','0/10 * * * * ?','Asia/Shanghai'),
('RuoyiScheduler','TASK_CLASS_NAME2','DEFAULT','0/15 * * * * ?','Asia/Shanghai'),
('RuoyiScheduler','TASK_CLASS_NAME3','DEFAULT','0/20 * * * * ?','Asia/Shanghai');

/*Table structure for table `qrtz_fired_triggers` */

DROP TABLE IF EXISTS `qrtz_fired_triggers`;

CREATE TABLE `qrtz_fired_triggers` (
  `sched_name` varchar(120) NOT NULL,
  `entry_id` varchar(95) NOT NULL,
  `trigger_name` varchar(200) NOT NULL,
  `trigger_group` varchar(200) NOT NULL,
  `instance_name` varchar(200) NOT NULL,
  `fired_time` bigint(13) NOT NULL,
  `sched_time` bigint(13) NOT NULL,
  `priority` int(11) NOT NULL,
  `state` varchar(16) NOT NULL,
  `job_name` varchar(200) DEFAULT NULL,
  `job_group` varchar(200) DEFAULT NULL,
  `is_nonconcurrent` varchar(1) DEFAULT NULL,
  `requests_recovery` varchar(1) DEFAULT NULL,
  PRIMARY KEY (`sched_name`,`entry_id`)
) ENGINE=InnoDB DEFAULT CHARSET=utf8;

/*Data for the table `qrtz_fired_triggers` */

/*Table structure for table `qrtz_job_details` */

DROP TABLE IF EXISTS `qrtz_job_details`;

CREATE TABLE `qrtz_job_details` (
  `sched_name` varchar(120) NOT NULL,
  `job_name` varchar(200) NOT NULL,
  `job_group` varchar(200) NOT NULL,
  `description` varchar(250) DEFAULT NULL,
  `job_class_name` varchar(250) NOT NULL,
  `is_durable` varchar(1) NOT NULL,
  `is_nonconcurrent` varchar(1) NOT NULL,
  `is_update_data` varchar(1) NOT NULL,
  `requests_recovery` varchar(1) NOT NULL,
  `job_data` blob,
  PRIMARY KEY (`sched_name`,`job_name`,`job_group`)
) ENGINE=InnoDB DEFAULT CHARSET=utf8;

/*Data for the table `qrtz_job_details` */

insert  into `qrtz_job_details`(`sched_name`,`job_name`,`job_group`,`description`,`job_class_name`,`is_durable`,`is_nonconcurrent`,`is_update_data`,`requests_recovery`,`job_data`) values 
('RuoyiScheduler','TASK_CLASS_NAME1','DEFAULT',NULL,'com.ruoyi.quartz.util.QuartzDisallowConcurrentExecution','0','1','0','0','¬í\0sr\0org.quartz.JobDataMapŸ°ƒè¿©°Ë\0\0xr\0&org.quartz.utils.StringKeyDirtyFlagMap‚èÃûÅ](\0Z\0allowsTransientDataxr\0org.quartz.utils.DirtyFlagMapæ.­(v\nÎ\0Z\0dirtyL\0mapt\0Ljava/util/Map;xpsr\0java.util.HashMapÚÁÃ`Ñ\0F\0\nloadFactorI\0	thresholdxp?@\0\0\0\0\0w\0\0\0\0\0\0t\0TASK_PROPERTIESsr\0com.ruoyi.quartz.domain.SysJob\0\0\0\0\0\0\0\0L\0\nconcurrentt\0Ljava/lang/String;L\0cronExpressionq\0~\0	L\0invokeTargetq\0~\0	L\0jobGroupq\0~\0	L\0jobIdt\0Ljava/lang/Long;L\0jobNameq\0~\0	L\0\rmisfirePolicyq\0~\0	L\0statusq\0~\0	xr\0\'com.ruoyi.common.core.domain.BaseEntity\0\0\0\0\0\0\0\0L\0createByq\0~\0	L\0\ncreateTimet\0Ljava/util/Date;L\0delFlagq\0~\0	L\0paramsq\0~\0L\0remarkq\0~\0	L\0searchValueq\0~\0	L\0updateByq\0~\0	L\0\nupdateTimeq\0~\0xpt\0adminsr\0java.util.DatehjKYt\0\0xpw\0\0yëæŠ(xt\0Npt\0\0pppt\01t\00/10 * * * * ?t\0ryTask.ryNoParamst\0DEFAULTsr\0java.lang.Long;‹äÌ#ß\0J\0valuexr\0java.lang.Number†¬•”à‹\0\0xp\0\0\0\0\0\0\0t\0ç³»ç»Ÿé»˜è®¤ï¼ˆæ— å‚ï¼‰t\03t\01x\0'),
('RuoyiScheduler','TASK_CLASS_NAME2','DEFAULT',NULL,'com.ruoyi.quartz.util.QuartzDisallowConcurrentExecution','0','1','0','0','¬í\0sr\0org.quartz.JobDataMapŸ°ƒè¿©°Ë\0\0xr\0&org.quartz.utils.StringKeyDirtyFlagMap‚èÃûÅ](\0Z\0allowsTransientDataxr\0org.quartz.utils.DirtyFlagMapæ.­(v\nÎ\0Z\0dirtyL\0mapt\0Ljava/util/Map;xpsr\0java.util.HashMapÚÁÃ`Ñ\0F\0\nloadFactorI\0	thresholdxp?@\0\0\0\0\0w\0\0\0\0\0\0t\0TASK_PROPERTIESsr\0com.ruoyi.quartz.domain.SysJob\0\0\0\0\0\0\0\0L\0\nconcurrentt\0Ljava/lang/String;L\0cronExpressionq\0~\0	L\0invokeTargetq\0~\0	L\0jobGroupq\0~\0	L\0jobIdt\0Ljava/lang/Long;L\0jobNameq\0~\0	L\0\rmisfirePolicyq\0~\0	L\0statusq\0~\0	xr\0\'com.ruoyi.common.core.domain.BaseEntity\0\0\0\0\0\0\0\0L\0createByq\0~\0	L\0\ncreateTimet\0Ljava/util/Date;L\0delFlagq\0~\0	L\0paramsq\0~\0L\0remarkq\0~\0	L\0searchValueq\0~\0	L\0updateByq\0~\0	L\0\nupdateTimeq\0~\0xpt\0adminsr\0java.util.DatehjKYt\0\0xpw\0\0yëæŠ(xt\0Npt\0\0pppt\01t\00/15 * * * * ?t\0ryTask.ryParams(\'ry\')t\0DEFAULTsr\0java.lang.Long;‹äÌ#ß\0J\0valuexr\0java.lang.Number†¬•”à‹\0\0xp\0\0\0\0\0\0\0t\0ç³»ç»Ÿé»˜è®¤ï¼ˆæœ‰å‚ï¼‰t\03t\01x\0'),
('RuoyiScheduler','TASK_CLASS_NAME3','DEFAULT',NULL,'com.ruoyi.quartz.util.QuartzDisallowConcurrentExecution','0','1','0','0','¬í\0sr\0org.quartz.JobDataMapŸ°ƒè¿©°Ë\0\0xr\0&org.quartz.utils.StringKeyDirtyFlagMap‚èÃûÅ](\0Z\0allowsTransientDataxr\0org.quartz.utils.DirtyFlagMapæ.­(v\nÎ\0Z\0dirtyL\0mapt\0Ljava/util/Map;xpsr\0java.util.HashMapÚÁÃ`Ñ\0F\0\nloadFactorI\0	thresholdxp?@\0\0\0\0\0w\0\0\0\0\0\0t\0TASK_PROPERTIESsr\0com.ruoyi.quartz.domain.SysJob\0\0\0\0\0\0\0\0L\0\nconcurrentt\0Ljava/lang/String;L\0cronExpressionq\0~\0	L\0invokeTargetq\0~\0	L\0jobGroupq\0~\0	L\0jobIdt\0Ljava/lang/Long;L\0jobNameq\0~\0	L\0\rmisfirePolicyq\0~\0	L\0statusq\0~\0	xr\0\'com.ruoyi.common.core.domain.BaseEntity\0\0\0\0\0\0\0\0L\0createByq\0~\0	L\0\ncreateTimet\0Ljava/util/Date;L\0delFlagq\0~\0	L\0paramsq\0~\0L\0remarkq\0~\0	L\0searchValueq\0~\0	L\0updateByq\0~\0	L\0\nupdateTimeq\0~\0xpt\0adminsr\0java.util.DatehjKYt\0\0xpw\0\0yëæŠ(xt\0Npt\0\0pppt\01t\00/20 * * * * ?t\08ryTask.ryMultipleParams(\'ry\', true, 2000L, 316.50D, 100)t\0DEFAULTsr\0java.lang.Long;‹äÌ#ß\0J\0valuexr\0java.lang.Number†¬•”à‹\0\0xp\0\0\0\0\0\0\0t\0ç³»ç»Ÿé»˜è®¤ï¼ˆå¤šå‚ï¼‰t\03t\01x\0');

/*Table structure for table `qrtz_locks` */

DROP TABLE IF EXISTS `qrtz_locks`;

CREATE TABLE `qrtz_locks` (
  `sched_name` varchar(120) NOT NULL,
  `lock_name` varchar(40) NOT NULL,
  PRIMARY KEY (`sched_name`,`lock_name`)
) ENGINE=InnoDB DEFAULT CHARSET=utf8;

/*Data for the table `qrtz_locks` */

insert  into `qrtz_locks`(`sched_name`,`lock_name`) values 
('RuoyiScheduler','STATE_ACCESS'),
('RuoyiScheduler','TRIGGER_ACCESS');

/*Table structure for table `qrtz_paused_trigger_grps` */

DROP TABLE IF EXISTS `qrtz_paused_trigger_grps`;

CREATE TABLE `qrtz_paused_trigger_grps` (
  `sched_name` varchar(120) NOT NULL,
  `trigger_group` varchar(200) NOT NULL,
  PRIMARY KEY (`sched_name`,`trigger_group`)
) ENGINE=InnoDB DEFAULT CHARSET=utf8;

/*Data for the table `qrtz_paused_trigger_grps` */

/*Table structure for table `qrtz_scheduler_state` */

DROP TABLE IF EXISTS `qrtz_scheduler_state`;

CREATE TABLE `qrtz_scheduler_state` (
  `sched_name` varchar(120) NOT NULL,
  `instance_name` varchar(200) NOT NULL,
  `last_checkin_time` bigint(13) NOT NULL,
  `checkin_interval` bigint(13) NOT NULL,
  PRIMARY KEY (`sched_name`,`instance_name`)
) ENGINE=InnoDB DEFAULT CHARSET=utf8;

/*Data for the table `qrtz_scheduler_state` */

insert  into `qrtz_scheduler_state`(`sched_name`,`instance_name`,`last_checkin_time`,`checkin_interval`) values 
('RuoyiScheduler','KY-LJQ1623727625648',1623736614928,15000);

/*Table structure for table `qrtz_simple_triggers` */

DROP TABLE IF EXISTS `qrtz_simple_triggers`;

CREATE TABLE `qrtz_simple_triggers` (
  `sched_name` varchar(120) NOT NULL,
  `trigger_name` varchar(200) NOT NULL,
  `trigger_group` varchar(200) NOT NULL,
  `repeat_count` bigint(7) NOT NULL,
  `repeat_interval` bigint(12) NOT NULL,
  `times_triggered` bigint(10) NOT NULL,
  PRIMARY KEY (`sched_name`,`trigger_name`,`trigger_group`),
  CONSTRAINT `qrtz_simple_triggers_ibfk_1` FOREIGN KEY (`sched_name`, `trigger_name`, `trigger_group`) REFERENCES `qrtz_triggers` (`sched_name`, `trigger_name`, `trigger_group`)
) ENGINE=InnoDB DEFAULT CHARSET=utf8;

/*Data for the table `qrtz_simple_triggers` */

/*Table structure for table `qrtz_simprop_triggers` */

DROP TABLE IF EXISTS `qrtz_simprop_triggers`;

CREATE TABLE `qrtz_simprop_triggers` (
  `sched_name` varchar(120) NOT NULL,
  `trigger_name` varchar(200) NOT NULL,
  `trigger_group` varchar(200) NOT NULL,
  `str_prop_1` varchar(512) DEFAULT NULL,
  `str_prop_2` varchar(512) DEFAULT NULL,
  `str_prop_3` varchar(512) DEFAULT NULL,
  `int_prop_1` int(11) DEFAULT NULL,
  `int_prop_2` int(11) DEFAULT NULL,
  `long_prop_1` bigint(20) DEFAULT NULL,
  `long_prop_2` bigint(20) DEFAULT NULL,
  `dec_prop_1` decimal(13,4) DEFAULT NULL,
  `dec_prop_2` decimal(13,4) DEFAULT NULL,
  `bool_prop_1` varchar(1) DEFAULT NULL,
  `bool_prop_2` varchar(1) DEFAULT NULL,
  PRIMARY KEY (`sched_name`,`trigger_name`,`trigger_group`),
  CONSTRAINT `qrtz_simprop_triggers_ibfk_1` FOREIGN KEY (`sched_name`, `trigger_name`, `trigger_group`) REFERENCES `qrtz_triggers` (`sched_name`, `trigger_name`, `trigger_group`)
) ENGINE=InnoDB DEFAULT CHARSET=utf8;

/*Data for the table `qrtz_simprop_triggers` */

/*Table structure for table `qrtz_triggers` */

DROP TABLE IF EXISTS `qrtz_triggers`;

CREATE TABLE `qrtz_triggers` (
  `sched_name` varchar(120) NOT NULL,
  `trigger_name` varchar(200) NOT NULL,
  `trigger_group` varchar(200) NOT NULL,
  `job_name` varchar(200) NOT NULL,
  `job_group` varchar(200) NOT NULL,
  `description` varchar(250) DEFAULT NULL,
  `next_fire_time` bigint(13) DEFAULT NULL,
  `prev_fire_time` bigint(13) DEFAULT NULL,
  `priority` int(11) DEFAULT NULL,
  `trigger_state` varchar(16) NOT NULL,
  `trigger_type` varchar(8) NOT NULL,
  `start_time` bigint(13) NOT NULL,
  `end_time` bigint(13) DEFAULT NULL,
  `calendar_name` varchar(200) DEFAULT NULL,
  `misfire_instr` smallint(2) DEFAULT NULL,
  `job_data` blob,
  PRIMARY KEY (`sched_name`,`trigger_name`,`trigger_group`),
  KEY `sched_name` (`sched_name`,`job_name`,`job_group`),
  CONSTRAINT `qrtz_triggers_ibfk_1` FOREIGN KEY (`sched_name`, `job_name`, `job_group`) REFERENCES `qrtz_job_details` (`sched_name`, `job_name`, `job_group`)
) ENGINE=InnoDB DEFAULT CHARSET=utf8;

/*Data for the table `qrtz_triggers` */

insert  into `qrtz_triggers`(`sched_name`,`trigger_name`,`trigger_group`,`job_name`,`job_group`,`description`,`next_fire_time`,`prev_fire_time`,`priority`,`trigger_state`,`trigger_type`,`start_time`,`end_time`,`calendar_name`,`misfire_instr`,`job_data`) values 
('RuoyiScheduler','TASK_CLASS_NAME1','DEFAULT','TASK_CLASS_NAME1','DEFAULT',NULL,1623727630000,-1,5,'PAUSED','CRON',1623727625000,0,NULL,2,''),
('RuoyiScheduler','TASK_CLASS_NAME2','DEFAULT','TASK_CLASS_NAME2','DEFAULT',NULL,1623727635000,-1,5,'PAUSED','CRON',1623727625000,0,NULL,2,''),
('RuoyiScheduler','TASK_CLASS_NAME3','DEFAULT','TASK_CLASS_NAME3','DEFAULT',NULL,1623727640000,-1,5,'PAUSED','CRON',1623727625000,0,NULL,2,'');

/*Table structure for table `sys_config` */

DROP TABLE IF EXISTS `sys_config`;

CREATE TABLE `sys_config` (
  `config_id` int(5) NOT NULL AUTO_INCREMENT COMMENT 'å‚æ•°ä¸»é”®',
  `config_name` varchar(100) DEFAULT '' COMMENT 'å‚æ•°åç§°',
  `config_key` varchar(100) DEFAULT '' COMMENT 'å‚æ•°é”®å',
  `config_value` varchar(500) DEFAULT '' COMMENT 'å‚æ•°é”®å€¼',
  `config_type` char(1) DEFAULT 'N' COMMENT 'ç³»ç»Ÿå†…ç½®ï¼ˆYæ˜¯ Nå¦ï¼‰',
  `create_by` varchar(64) DEFAULT '' COMMENT 'åˆ›å»ºè€…',
  `create_time` datetime DEFAULT NULL COMMENT 'åˆ›å»ºæ—¶é—´',
  `update_by` varchar(64) DEFAULT '' COMMENT 'æ›´æ–°è€…',
  `update_time` datetime DEFAULT NULL COMMENT 'æ›´æ–°æ—¶é—´',
  `remark` varchar(500) DEFAULT NULL COMMENT 'å¤‡æ³¨',
  PRIMARY KEY (`config_id`)
) ENGINE=InnoDB AUTO_INCREMENT=11 DEFAULT CHARSET=utf8 COMMENT='å‚æ•°é…ç½®è¡¨';

/*Data for the table `sys_config` */

insert  into `sys_config`(`config_id`,`config_name`,`config_key`,`config_value`,`config_type`,`create_by`,`create_time`,`update_by`,`update_time`,`remark`) values 
(1,'ä¸»æ¡†æ¶é¡µ-é»˜è®¤çš®è‚¤æ ·å¼åç§°','sys.index.skinName','skin-blue','Y','admin','2021-06-08 21:53:43','',NULL,'è“è‰² skin-blueã€ç»¿è‰² skin-greenã€ç´«è‰² skin-purpleã€çº¢è‰² skin-redã€é»„è‰² skin-yellow'),
(2,'ç”¨æˆ·ç®¡ç†-è´¦å·åˆå§‹å¯†ç ','sys.user.initPassword','123456','Y','admin','2021-06-08 21:53:43','',NULL,'åˆå§‹åŒ–å¯†ç  123456'),
(3,'ä¸»æ¡†æ¶é¡µ-ä¾§è¾¹æ ä¸»é¢˜','sys.index.sideTheme','theme-dark','Y','admin','2021-06-08 21:53:43','',NULL,'æ·±é»‘ä¸»é¢˜theme-darkï¼Œæµ…è‰²ä¸»é¢˜theme-lightï¼Œæ·±è“ä¸»é¢˜theme-blue'),
(4,'è´¦å·è‡ªåŠ©-æ˜¯å¦å¼€å¯ç”¨æˆ·æ³¨å†ŒåŠŸèƒ½','sys.account.registerUser','false','Y','admin','2021-06-08 21:53:43','',NULL,'æ˜¯å¦å¼€å¯æ³¨å†Œç”¨æˆ·åŠŸèƒ½ï¼ˆtrueå¼€å¯ï¼Œfalseå…³é—­ï¼‰'),
(5,'ç”¨æˆ·ç®¡ç†-å¯†ç å­—ç¬¦èŒƒå›´','sys.account.chrtype','0','Y','admin','2021-06-08 21:53:43','',NULL,'é»˜è®¤ä»»æ„å­—ç¬¦èŒƒå›´ï¼Œ0ä»»æ„ï¼ˆå¯†ç å¯ä»¥è¾“å…¥ä»»æ„å­—ç¬¦ï¼‰ï¼Œ1æ•°å­—ï¼ˆå¯†ç åªèƒ½ä¸º0-9æ•°å­—ï¼‰ï¼Œ2è‹±æ–‡å­—æ¯ï¼ˆå¯†ç åªèƒ½ä¸ºa-zå’ŒA-Zå­—æ¯ï¼‰ï¼Œ3å­—æ¯å’Œæ•°å­—ï¼ˆå¯†ç å¿…é¡»åŒ…å«å­—æ¯ï¼Œæ•°å­—ï¼‰,4å­—æ¯æ•°å­—å’Œç‰¹æ®Šå­—ç¬¦ï¼ˆç›®å‰æ”¯æŒçš„ç‰¹æ®Šå­—ç¬¦åŒ…æ‹¬ï¼š~!@#$%^&*()-=_+ï¼‰'),
(6,'ç”¨æˆ·ç®¡ç†-åˆå§‹å¯†ç ä¿®æ”¹ç­–ç•¥','sys.account.initPasswordModify','0','Y','admin','2021-06-08 21:53:43','',NULL,'0ï¼šåˆå§‹å¯†ç ä¿®æ”¹ç­–ç•¥å…³é—­ï¼Œæ²¡æœ‰ä»»ä½•æç¤ºï¼Œ1ï¼šæé†’ç”¨æˆ·ï¼Œå¦‚æœæœªä¿®æ”¹åˆå§‹å¯†ç ï¼Œåˆ™åœ¨ç™»å½•æ—¶å°±ä¼šæé†’ä¿®æ”¹å¯†ç å¯¹è¯æ¡†'),
(7,'ç”¨æˆ·ç®¡ç†-è´¦å·å¯†ç æ›´æ–°å‘¨æœŸ','sys.account.passwordValidateDays','0','Y','admin','2021-06-08 21:53:43','',NULL,'å¯†ç æ›´æ–°å‘¨æœŸï¼ˆå¡«å†™æ•°å­—ï¼Œæ•°æ®åˆå§‹åŒ–å€¼ä¸º0ä¸é™åˆ¶ï¼Œè‹¥ä¿®æ”¹å¿…é¡»ä¸ºå¤§äº0å°äº365çš„æ­£æ•´æ•°ï¼‰ï¼Œå¦‚æœè¶…è¿‡è¿™ä¸ªå‘¨æœŸç™»å½•ç³»ç»Ÿæ—¶ï¼Œåˆ™åœ¨ç™»å½•æ—¶å°±ä¼šæé†’ä¿®æ”¹å¯†ç å¯¹è¯æ¡†'),
(8,'ä¸»æ¡†æ¶é¡µ-èœå•å¯¼èˆªæ˜¾ç¤ºé£æ ¼','sys.index.menuStyle','topnav','Y','admin','2021-06-08 21:53:43','admin','2021-06-09 21:35:41','èœå•å¯¼èˆªæ˜¾ç¤ºé£æ ¼ï¼ˆdefaultä¸ºå·¦ä¾§å¯¼èˆªèœå•ï¼Œtopnavä¸ºé¡¶éƒ¨å¯¼èˆªèœå•ï¼‰'),
(9,'ä¸»æ¡†æ¶é¡µ-æ˜¯å¦å¼€å¯é¡µè„š','sys.index.ignoreFooter','true','Y','admin','2021-06-08 21:53:43','',NULL,'æ˜¯å¦å¼€å¯åº•éƒ¨é¡µè„šæ˜¾ç¤ºï¼ˆtrueæ˜¾ç¤ºï¼Œfalseéšè—ï¼‰'),
(10,'è¡¥ä¸ç®¡ç†ç«¯ORå‡çº§ç«¯','up.sys.usetype','0','Y','admin','2021-06-13 17:56:23','admin','2021-06-13 18:02:55','0-ç®¡ç†ç«¯ï¼šé…ç½®äº§å“ã€é¡¹ç›®ã€è¡¥ä¸åŒ…\r\n1-å‡çº§ç«¯ï¼šå‡çº§æ“ä½œ');

/*Table structure for table `sys_dept` */

DROP TABLE IF EXISTS `sys_dept`;

CREATE TABLE `sys_dept` (
  `dept_id` bigint(20) NOT NULL AUTO_INCREMENT COMMENT 'éƒ¨é—¨id',
  `parent_id` bigint(20) DEFAULT '0' COMMENT 'çˆ¶éƒ¨é—¨id',
  `ancestors` varchar(50) DEFAULT '' COMMENT 'ç¥–çº§åˆ—è¡¨',
  `dept_name` varchar(30) DEFAULT '' COMMENT 'éƒ¨é—¨åç§°',
  `order_num` int(4) DEFAULT '0' COMMENT 'æ˜¾ç¤ºé¡ºåº',
  `leader` varchar(20) DEFAULT NULL COMMENT 'è´Ÿè´£äºº',
  `phone` varchar(11) DEFAULT NULL COMMENT 'è”ç³»ç”µè¯',
  `email` varchar(50) DEFAULT NULL COMMENT 'é‚®ç®±',
  `status` char(1) DEFAULT '0' COMMENT 'éƒ¨é—¨çŠ¶æ€ï¼ˆ0æ­£å¸¸ 1åœç”¨ï¼‰',
  `del_flag` char(1) DEFAULT '0' COMMENT 'åˆ é™¤æ ‡å¿—ï¼ˆ0ä»£è¡¨å­˜åœ¨ 2ä»£è¡¨åˆ é™¤ï¼‰',
  `create_by` varchar(64) DEFAULT '' COMMENT 'åˆ›å»ºè€…',
  `create_time` datetime DEFAULT NULL COMMENT 'åˆ›å»ºæ—¶é—´',
  `update_by` varchar(64) DEFAULT '' COMMENT 'æ›´æ–°è€…',
  `update_time` datetime DEFAULT NULL COMMENT 'æ›´æ–°æ—¶é—´',
  PRIMARY KEY (`dept_id`)
) ENGINE=InnoDB AUTO_INCREMENT=110 DEFAULT CHARSET=utf8 COMMENT='éƒ¨é—¨è¡¨';

/*Data for the table `sys_dept` */

insert  into `sys_dept`(`dept_id`,`parent_id`,`ancestors`,`dept_name`,`order_num`,`leader`,`phone`,`email`,`status`,`del_flag`,`create_by`,`create_time`,`update_by`,`update_time`) values 
(100,0,'0','åŒ»ç–—äº‘',0,'åŒ»ç–—äº‘','15899999999','lijunqiang@kyee.com.cn','0','0','admin','2021-06-08 21:53:26','admin','2021-06-08 22:17:14'),
(101,100,'0,100','äº‘HISç ”å‘',1,'','15888888888','ry@qq.com','0','0','admin','2021-06-08 21:53:26','admin','2021-06-08 22:17:50'),
(102,100,'0,100','å®æ–½',2,'','15888888888','ry@qq.com','0','0','admin','2021-06-08 21:53:26','admin','2021-06-08 22:18:30'),
(103,101,'0,100,101','ç ”å‘éƒ¨é—¨',1,'è‹¥ä¾','15888888888','ry@qq.com','0','0','admin','2021-06-08 21:53:26','admin','2021-06-08 22:17:50'),
(104,101,'0,100,101','å¸‚åœºéƒ¨é—¨',2,'è‹¥ä¾','15888888888','ry@qq.com','0','2','admin','2021-06-08 21:53:26','admin','2021-06-08 22:17:50'),
(105,101,'0,100,101','æµ‹è¯•éƒ¨é—¨',3,'è‹¥ä¾','15888888888','ry@qq.com','0','0','admin','2021-06-08 21:53:26','admin','2021-06-08 22:17:50'),
(106,101,'0,100,101','è´¢åŠ¡éƒ¨é—¨',4,'è‹¥ä¾','15888888888','ry@qq.com','0','2','admin','2021-06-08 21:53:26','admin','2021-06-08 22:17:50'),
(107,101,'0,100,101','è¿ç»´éƒ¨é—¨',5,'è‹¥ä¾','15888888888','ry@qq.com','0','2','admin','2021-06-08 21:53:26','admin','2021-06-08 22:17:50'),
(108,102,'0,100,102','å¸‚åœºéƒ¨é—¨',1,'è‹¥ä¾','15888888888','ry@qq.com','0','0','admin','2021-06-08 21:53:26','admin','2021-06-08 22:18:30'),
(109,102,'0,100,102','è´¢åŠ¡éƒ¨é—¨',2,'è‹¥ä¾','15888888888','ry@qq.com','0','0','admin','2021-06-08 21:53:26','admin','2021-06-08 22:18:30');

/*Table structure for table `sys_dict_data` */

DROP TABLE IF EXISTS `sys_dict_data`;

CREATE TABLE `sys_dict_data` (
  `dict_code` bigint(20) NOT NULL AUTO_INCREMENT COMMENT 'å­—å…¸ç¼–ç ',
  `dict_sort` int(4) DEFAULT '0' COMMENT 'å­—å…¸æ’åº',
  `dict_label` varchar(100) DEFAULT '' COMMENT 'å­—å…¸æ ‡ç­¾',
  `dict_value` varchar(100) DEFAULT '' COMMENT 'å­—å…¸é”®å€¼',
  `dict_type` varchar(100) DEFAULT '' COMMENT 'å­—å…¸ç±»å‹',
  `css_class` varchar(100) DEFAULT NULL COMMENT 'æ ·å¼å±æ€§ï¼ˆå…¶ä»–æ ·å¼æ‰©å±•ï¼‰',
  `list_class` varchar(100) DEFAULT NULL COMMENT 'è¡¨æ ¼å›æ˜¾æ ·å¼',
  `is_default` char(1) DEFAULT 'N' COMMENT 'æ˜¯å¦é»˜è®¤ï¼ˆYæ˜¯ Nå¦ï¼‰',
  `status` char(1) DEFAULT '0' COMMENT 'çŠ¶æ€ï¼ˆ0æ­£å¸¸ 1åœç”¨ï¼‰',
  `create_by` varchar(64) DEFAULT '' COMMENT 'åˆ›å»ºè€…',
  `create_time` datetime DEFAULT NULL COMMENT 'åˆ›å»ºæ—¶é—´',
  `update_by` varchar(64) DEFAULT '' COMMENT 'æ›´æ–°è€…',
  `update_time` datetime DEFAULT NULL COMMENT 'æ›´æ–°æ—¶é—´',
  `remark` varchar(500) DEFAULT NULL COMMENT 'å¤‡æ³¨',
  PRIMARY KEY (`dict_code`)
) ENGINE=InnoDB AUTO_INCREMENT=41 DEFAULT CHARSET=utf8 COMMENT='å­—å…¸æ•°æ®è¡¨';

/*Data for the table `sys_dict_data` */

insert  into `sys_dict_data`(`dict_code`,`dict_sort`,`dict_label`,`dict_value`,`dict_type`,`css_class`,`list_class`,`is_default`,`status`,`create_by`,`create_time`,`update_by`,`update_time`,`remark`) values 
(1,1,'ç”·','0','sys_user_sex','','','Y','0','admin','2021-06-08 21:53:40','',NULL,'æ€§åˆ«ç”·'),
(2,2,'å¥³','1','sys_user_sex','','','N','0','admin','2021-06-08 21:53:40','',NULL,'æ€§åˆ«å¥³'),
(3,3,'æœªçŸ¥','2','sys_user_sex','','','N','0','admin','2021-06-08 21:53:40','',NULL,'æ€§åˆ«æœªçŸ¥'),
(4,1,'æ˜¾ç¤º','0','sys_show_hide','','primary','Y','0','admin','2021-06-08 21:53:40','',NULL,'æ˜¾ç¤ºèœå•'),
(5,2,'éšè—','1','sys_show_hide','','danger','N','0','admin','2021-06-08 21:53:40','',NULL,'éšè—èœå•'),
(6,1,'æ­£å¸¸','0','sys_normal_disable','','primary','Y','0','admin','2021-06-08 21:53:40','',NULL,'æ­£å¸¸çŠ¶æ€'),
(7,2,'åœç”¨','1','sys_normal_disable','','danger','N','0','admin','2021-06-08 21:53:40','',NULL,'åœç”¨çŠ¶æ€'),
(8,1,'æ­£å¸¸','0','sys_job_status','','primary','Y','0','admin','2021-06-08 21:53:40','',NULL,'æ­£å¸¸çŠ¶æ€'),
(9,2,'æš‚åœ','1','sys_job_status','','danger','N','0','admin','2021-06-08 21:53:40','',NULL,'åœç”¨çŠ¶æ€'),
(10,1,'é»˜è®¤','DEFAULT','sys_job_group','','','Y','0','admin','2021-06-08 21:53:40','',NULL,'é»˜è®¤åˆ†ç»„'),
(11,2,'ç³»ç»Ÿ','SYSTEM','sys_job_group','','','N','0','admin','2021-06-08 21:53:40','',NULL,'ç³»ç»Ÿåˆ†ç»„'),
(12,1,'æ˜¯','Y','sys_yes_no','','primary','Y','0','admin','2021-06-08 21:53:40','',NULL,'ç³»ç»Ÿé»˜è®¤æ˜¯'),
(13,2,'å¦','N','sys_yes_no','','danger','N','0','admin','2021-06-08 21:53:40','',NULL,'ç³»ç»Ÿé»˜è®¤å¦'),
(14,1,'é€šçŸ¥','1','sys_notice_type','','warning','Y','0','admin','2021-06-08 21:53:40','',NULL,'é€šçŸ¥'),
(15,2,'å…¬å‘Š','2','sys_notice_type','','success','N','0','admin','2021-06-08 21:53:40','',NULL,'å…¬å‘Š'),
(16,1,'æ­£å¸¸','0','sys_notice_status','','primary','Y','0','admin','2021-06-08 21:53:40','',NULL,'æ­£å¸¸çŠ¶æ€'),
(17,2,'å…³é—­','1','sys_notice_status','','danger','N','0','admin','2021-06-08 21:53:40','',NULL,'å…³é—­çŠ¶æ€'),
(18,99,'å…¶ä»–','0','sys_oper_type','','info','N','0','admin','2021-06-08 21:53:41','',NULL,'å…¶ä»–æ“ä½œ'),
(19,1,'æ–°å¢','1','sys_oper_type','','info','N','0','admin','2021-06-08 21:53:41','',NULL,'æ–°å¢æ“ä½œ'),
(20,2,'ä¿®æ”¹','2','sys_oper_type','','info','N','0','admin','2021-06-08 21:53:41','',NULL,'ä¿®æ”¹æ“ä½œ'),
(21,3,'åˆ é™¤','3','sys_oper_type','','danger','N','0','admin','2021-06-08 21:53:41','',NULL,'åˆ é™¤æ“ä½œ'),
(22,4,'æˆæƒ','4','sys_oper_type','','primary','N','0','admin','2021-06-08 21:53:41','',NULL,'æˆæƒæ“ä½œ'),
(23,5,'å¯¼å‡º','5','sys_oper_type','','warning','N','0','admin','2021-06-08 21:53:41','',NULL,'å¯¼å‡ºæ“ä½œ'),
(24,6,'å¯¼å…¥','6','sys_oper_type','','warning','N','0','admin','2021-06-08 21:53:41','',NULL,'å¯¼å…¥æ“ä½œ'),
(25,7,'å¼ºé€€','7','sys_oper_type','','danger','N','0','admin','2021-06-08 21:53:41','',NULL,'å¼ºé€€æ“ä½œ'),
(26,8,'ç”Ÿæˆä»£ç ','8','sys_oper_type','','warning','N','0','admin','2021-06-08 21:53:41','',NULL,'ç”Ÿæˆæ“ä½œ'),
(27,9,'æ¸…ç©ºæ•°æ®','9','sys_oper_type','','danger','N','0','admin','2021-06-08 21:53:41','',NULL,'æ¸…ç©ºæ“ä½œ'),
(28,1,'æˆåŠŸ','0','sys_common_status','','primary','N','0','admin','2021-06-08 21:53:41','',NULL,'æ­£å¸¸çŠ¶æ€'),
(29,2,'å¤±è´¥','1','sys_common_status','','danger','N','0','admin','2021-06-08 21:53:41','',NULL,'åœç”¨çŠ¶æ€'),
(30,10,'ç™»è®°','10','up_patch_status','','default','Y','0','admin','2021-06-12 21:19:20','admin','2021-06-12 21:25:40',''),
(31,20,'æ‰“åŒ…','20','up_patch_status','','','Y','0','admin','2021-06-12 21:19:42','admin','2021-06-12 21:25:45',''),
(32,30,'éƒ¨åˆ†å‡çº§','30','up_patch_status',NULL,'default','Y','0','admin','2021-06-12 21:21:30','',NULL,NULL),
(33,40,'å…¨éƒ¨å‡çº§','40','up_patch_status',NULL,NULL,'Y','0','admin','2021-06-12 21:25:36','',NULL,NULL),
(34,50,'å›é€€','50','up_patch_status',NULL,NULL,'Y','0','admin','2021-06-12 21:26:03','',NULL,NULL),
(35,60,'ä½œåºŸ','60','up_patch_status',NULL,NULL,'Y','0','admin','2021-06-12 21:26:15','',NULL,NULL),
(36,70,'å…³é—­','70','up_patch_status',NULL,NULL,'Y','0','admin','2021-06-12 21:26:47','',NULL,NULL),
(37,15,'å‘å¸ƒ','15','up_patch_status',NULL,NULL,'Y','0','admin','2021-06-13 17:41:00','',NULL,NULL),
(38,10,'æœªå‡çº§','10','up_upgrade_status',NULL,NULL,'Y','0','admin','2021-06-13 19:15:27','',NULL,NULL),
(39,20,'å·²å‡çº§','20','up_upgrade_status',NULL,NULL,'Y','0','admin','2021-06-13 19:15:40','',NULL,NULL),
(40,80,'å·²å›é€€','80','up_upgrade_status',NULL,NULL,'Y','0','admin','2021-06-13 19:16:03','',NULL,NULL);

/*Table structure for table `sys_dict_type` */

DROP TABLE IF EXISTS `sys_dict_type`;

CREATE TABLE `sys_dict_type` (
  `dict_id` bigint(20) NOT NULL AUTO_INCREMENT COMMENT 'å­—å…¸ä¸»é”®',
  `dict_name` varchar(100) DEFAULT '' COMMENT 'å­—å…¸åç§°',
  `dict_type` varchar(100) DEFAULT '' COMMENT 'å­—å…¸ç±»å‹',
  `status` char(1) DEFAULT '0' COMMENT 'çŠ¶æ€ï¼ˆ0æ­£å¸¸ 1åœç”¨ï¼‰',
  `create_by` varchar(64) DEFAULT '' COMMENT 'åˆ›å»ºè€…',
  `create_time` datetime DEFAULT NULL COMMENT 'åˆ›å»ºæ—¶é—´',
  `update_by` varchar(64) DEFAULT '' COMMENT 'æ›´æ–°è€…',
  `update_time` datetime DEFAULT NULL COMMENT 'æ›´æ–°æ—¶é—´',
  `remark` varchar(500) DEFAULT NULL COMMENT 'å¤‡æ³¨',
  PRIMARY KEY (`dict_id`),
  UNIQUE KEY `dict_type` (`dict_type`)
) ENGINE=InnoDB AUTO_INCREMENT=13 DEFAULT CHARSET=utf8 COMMENT='å­—å…¸ç±»å‹è¡¨';

/*Data for the table `sys_dict_type` */

insert  into `sys_dict_type`(`dict_id`,`dict_name`,`dict_type`,`status`,`create_by`,`create_time`,`update_by`,`update_time`,`remark`) values 
(1,'ç”¨æˆ·æ€§åˆ«','sys_user_sex','0','admin','2021-06-08 21:53:38','',NULL,'ç”¨æˆ·æ€§åˆ«åˆ—è¡¨'),
(2,'èœå•çŠ¶æ€','sys_show_hide','0','admin','2021-06-08 21:53:38','',NULL,'èœå•çŠ¶æ€åˆ—è¡¨'),
(3,'ç³»ç»Ÿå¼€å…³','sys_normal_disable','0','admin','2021-06-08 21:53:38','',NULL,'ç³»ç»Ÿå¼€å…³åˆ—è¡¨'),
(4,'ä»»åŠ¡çŠ¶æ€','sys_job_status','0','admin','2021-06-08 21:53:38','',NULL,'ä»»åŠ¡çŠ¶æ€åˆ—è¡¨'),
(5,'ä»»åŠ¡åˆ†ç»„','sys_job_group','0','admin','2021-06-08 21:53:38','',NULL,'ä»»åŠ¡åˆ†ç»„åˆ—è¡¨'),
(6,'ç³»ç»Ÿæ˜¯å¦','sys_yes_no','0','admin','2021-06-08 21:53:38','',NULL,'ç³»ç»Ÿæ˜¯å¦åˆ—è¡¨'),
(7,'é€šçŸ¥ç±»å‹','sys_notice_type','0','admin','2021-06-08 21:53:38','',NULL,'é€šçŸ¥ç±»å‹åˆ—è¡¨'),
(8,'é€šçŸ¥çŠ¶æ€','sys_notice_status','0','admin','2021-06-08 21:53:38','',NULL,'é€šçŸ¥çŠ¶æ€åˆ—è¡¨'),
(9,'æ“ä½œç±»å‹','sys_oper_type','0','admin','2021-06-08 21:53:38','',NULL,'æ“ä½œç±»å‹åˆ—è¡¨'),
(10,'ç³»ç»ŸçŠ¶æ€','sys_common_status','0','admin','2021-06-08 21:53:38','',NULL,'ç™»å½•çŠ¶æ€åˆ—è¡¨'),
(11,'è¡¥ä¸åŒ…çŠ¶æ€','up_patch_status','0','admin','2021-06-12 21:17:32','',NULL,NULL),
(12,'å‡çº§çŠ¶æ€','up_upgrade_status','0','admin','2021-06-13 19:14:56','',NULL,NULL);

/*Table structure for table `sys_job` */

DROP TABLE IF EXISTS `sys_job`;

CREATE TABLE `sys_job` (
  `job_id` bigint(20) NOT NULL AUTO_INCREMENT COMMENT 'ä»»åŠ¡ID',
  `job_name` varchar(64) NOT NULL DEFAULT '' COMMENT 'ä»»åŠ¡åç§°',
  `job_group` varchar(64) NOT NULL DEFAULT 'DEFAULT' COMMENT 'ä»»åŠ¡ç»„å',
  `invoke_target` varchar(500) NOT NULL COMMENT 'è°ƒç”¨ç›®æ ‡å­—ç¬¦ä¸²',
  `cron_expression` varchar(255) DEFAULT '' COMMENT 'cronæ‰§è¡Œè¡¨è¾¾å¼',
  `misfire_policy` varchar(20) DEFAULT '3' COMMENT 'è®¡åˆ’æ‰§è¡Œé”™è¯¯ç­–ç•¥ï¼ˆ1ç«‹å³æ‰§è¡Œ 2æ‰§è¡Œä¸€æ¬¡ 3æ”¾å¼ƒæ‰§è¡Œï¼‰',
  `concurrent` char(1) DEFAULT '1' COMMENT 'æ˜¯å¦å¹¶å‘æ‰§è¡Œï¼ˆ0å…è®¸ 1ç¦æ­¢ï¼‰',
  `status` char(1) DEFAULT '0' COMMENT 'çŠ¶æ€ï¼ˆ0æ­£å¸¸ 1æš‚åœï¼‰',
  `create_by` varchar(64) DEFAULT '' COMMENT 'åˆ›å»ºè€…',
  `create_time` datetime DEFAULT NULL COMMENT 'åˆ›å»ºæ—¶é—´',
  `update_by` varchar(64) DEFAULT '' COMMENT 'æ›´æ–°è€…',
  `update_time` datetime DEFAULT NULL COMMENT 'æ›´æ–°æ—¶é—´',
  `remark` varchar(500) DEFAULT '' COMMENT 'å¤‡æ³¨ä¿¡æ¯',
  PRIMARY KEY (`job_id`,`job_name`,`job_group`)
) ENGINE=InnoDB AUTO_INCREMENT=4 DEFAULT CHARSET=utf8 COMMENT='å®šæ—¶ä»»åŠ¡è°ƒåº¦è¡¨';

/*Data for the table `sys_job` */

insert  into `sys_job`(`job_id`,`job_name`,`job_group`,`invoke_target`,`cron_expression`,`misfire_policy`,`concurrent`,`status`,`create_by`,`create_time`,`update_by`,`update_time`,`remark`) values 
(1,'ç³»ç»Ÿé»˜è®¤ï¼ˆæ— å‚ï¼‰','DEFAULT','ryTask.ryNoParams','0/10 * * * * ?','3','1','1','admin','2021-06-08 21:53:45','',NULL,''),
(2,'ç³»ç»Ÿé»˜è®¤ï¼ˆæœ‰å‚ï¼‰','DEFAULT','ryTask.ryParams(\'ry\')','0/15 * * * * ?','3','1','1','admin','2021-06-08 21:53:45','',NULL,''),
(3,'ç³»ç»Ÿé»˜è®¤ï¼ˆå¤šå‚ï¼‰','DEFAULT','ryTask.ryMultipleParams(\'ry\', true, 2000L, 316.50D, 100)','0/20 * * * * ?','3','1','1','admin','2021-06-08 21:53:45','',NULL,'');

/*Table structure for table `sys_job_log` */

DROP TABLE IF EXISTS `sys_job_log`;

CREATE TABLE `sys_job_log` (
  `job_log_id` bigint(20) NOT NULL AUTO_INCREMENT COMMENT 'ä»»åŠ¡æ—¥å¿—ID',
  `job_name` varchar(64) NOT NULL COMMENT 'ä»»åŠ¡åç§°',
  `job_group` varchar(64) NOT NULL COMMENT 'ä»»åŠ¡ç»„å',
  `invoke_target` varchar(500) NOT NULL COMMENT 'è°ƒç”¨ç›®æ ‡å­—ç¬¦ä¸²',
  `job_message` varchar(500) DEFAULT NULL COMMENT 'æ—¥å¿—ä¿¡æ¯',
  `status` char(1) DEFAULT '0' COMMENT 'æ‰§è¡ŒçŠ¶æ€ï¼ˆ0æ­£å¸¸ 1å¤±è´¥ï¼‰',
  `exception_info` varchar(2000) DEFAULT '' COMMENT 'å¼‚å¸¸ä¿¡æ¯',
  `create_time` datetime DEFAULT NULL COMMENT 'åˆ›å»ºæ—¶é—´',
  PRIMARY KEY (`job_log_id`)
) ENGINE=InnoDB DEFAULT CHARSET=utf8 COMMENT='å®šæ—¶ä»»åŠ¡è°ƒåº¦æ—¥å¿—è¡¨';

/*Data for the table `sys_job_log` */

/*Table structure for table `sys_logininfor` */

DROP TABLE IF EXISTS `sys_logininfor`;

CREATE TABLE `sys_logininfor` (
  `info_id` bigint(20) NOT NULL AUTO_INCREMENT COMMENT 'è®¿é—®ID',
  `login_name` varchar(50) DEFAULT '' COMMENT 'ç™»å½•è´¦å·',
  `ipaddr` varchar(128) DEFAULT '' COMMENT 'ç™»å½•IPåœ°å€',
  `login_location` varchar(255) DEFAULT '' COMMENT 'ç™»å½•åœ°ç‚¹',
  `browser` varchar(50) DEFAULT '' COMMENT 'æµè§ˆå™¨ç±»å‹',
  `os` varchar(50) DEFAULT '' COMMENT 'æ“ä½œç³»ç»Ÿ',
  `status` char(1) DEFAULT '0' COMMENT 'ç™»å½•çŠ¶æ€ï¼ˆ0æˆåŠŸ 1å¤±è´¥ï¼‰',
  `msg` varchar(255) DEFAULT '' COMMENT 'æç¤ºæ¶ˆæ¯',
  `login_time` datetime DEFAULT NULL COMMENT 'è®¿é—®æ—¶é—´',
  PRIMARY KEY (`info_id`)
) ENGINE=InnoDB AUTO_INCREMENT=197 DEFAULT CHARSET=utf8 COMMENT='ç³»ç»Ÿè®¿é—®è®°å½•';

/*Data for the table `sys_logininfor` */

insert  into `sys_logininfor`(`info_id`,`login_name`,`ipaddr`,`login_location`,`browser`,`os`,`status`,`msg`,`login_time`) values 
(100,'admin','127.0.0.1','å†…ç½‘IP','Chrome 9','Windows 10','1','éªŒè¯ç é”™è¯¯','2021-06-08 22:11:51'),
(101,'admin','127.0.0.1','å†…ç½‘IP','Chrome 9','Windows 10','0','ç™»å½•æˆåŠŸ','2021-06-08 22:11:55'),
(102,'admin','127.0.0.1','å†…ç½‘IP','Chrome 9','Windows 10','0','é€€å‡ºæˆåŠŸ','2021-06-08 23:19:13'),
(103,'ceshi','127.0.0.1','å†…ç½‘IP','Chrome 9','Windows 10','1','å¯†ç è¾“å…¥é”™è¯¯1æ¬¡','2021-06-08 23:19:25'),
(104,'admin','127.0.0.1','å†…ç½‘IP','Chrome 9','Windows 10','0','ç™»å½•æˆåŠŸ','2021-06-08 23:20:00'),
(105,'admin','127.0.0.1','å†…ç½‘IP','Chrome 9','Windows 10','0','é€€å‡ºæˆåŠŸ','2021-06-08 23:20:20'),
(106,'ceshi','127.0.0.1','å†…ç½‘IP','Chrome 9','Windows 10','0','ç™»å½•æˆåŠŸ','2021-06-08 23:20:34'),
(107,'ceshi','127.0.0.1','å†…ç½‘IP','Chrome 9','Windows 10','0','é€€å‡ºæˆåŠŸ','2021-06-08 23:33:18'),
(108,'admin','127.0.0.1','å†…ç½‘IP','Chrome 9','Windows 10','0','ç™»å½•æˆåŠŸ','2021-06-08 23:33:22'),
(109,'admin','127.0.0.1','å†…ç½‘IP','Chrome 9','Windows 10','0','ç™»å½•æˆåŠŸ','2021-06-09 08:36:17'),
(110,'admin','127.0.0.1','å†…ç½‘IP','Chrome 9','Windows 10','0','é€€å‡ºæˆåŠŸ','2021-06-09 08:38:46'),
(111,'admin','127.0.0.1','å†…ç½‘IP','Chrome 9','Windows 10','0','ç™»å½•æˆåŠŸ','2021-06-09 08:38:50'),
(112,'admin','127.0.0.1','å†…ç½‘IP','Chrome 9','Windows 10','0','ç™»å½•æˆåŠŸ','2021-06-09 12:52:55'),
(113,'admin','127.0.0.1','å†…ç½‘IP','Chrome 9','Windows 10','0','ç™»å½•æˆåŠŸ','2021-06-09 12:55:04'),
(114,'admin','127.0.0.1','å†…ç½‘IP','Chrome 9','Windows 10','0','ç™»å½•æˆåŠŸ','2021-06-09 20:48:38'),
(115,'admin','127.0.0.1','å†…ç½‘IP','Chrome 9','Windows 10','0','ç™»å½•æˆåŠŸ','2021-06-09 21:30:28'),
(116,'admin','127.0.0.1','å†…ç½‘IP','Chrome 9','Windows 10','0','é€€å‡ºæˆåŠŸ','2021-06-09 21:33:03'),
(117,'admin','127.0.0.1','å†…ç½‘IP','Chrome 9','Windows 10','0','ç™»å½•æˆåŠŸ','2021-06-09 21:35:09'),
(118,'admin','127.0.0.1','å†…ç½‘IP','Chrome 9','Windows 10','0','ç™»å½•æˆåŠŸ','2021-06-09 22:25:17'),
(119,'admin','127.0.0.1','å†…ç½‘IP','Chrome 9','Windows 10','0','ç™»å½•æˆåŠŸ','2021-06-10 00:04:07'),
(120,'admin','127.0.0.1','å†…ç½‘IP','Chrome 9','Windows 10','0','ç™»å½•æˆåŠŸ','2021-06-10 00:24:46'),
(121,'admin','127.0.0.1','å†…ç½‘IP','Chrome 9','Windows 10','0','ç™»å½•æˆåŠŸ','2021-06-10 00:53:18'),
(122,'admin','127.0.0.1','å†…ç½‘IP','Chrome 9','Windows 10','0','ç™»å½•æˆåŠŸ','2021-06-10 00:57:46'),
(123,'admin','127.0.0.1','å†…ç½‘IP','Chrome 9','Windows 10','0','ç™»å½•æˆåŠŸ','2021-06-10 01:11:52'),
(124,'admin','127.0.0.1','å†…ç½‘IP','Chrome 9','Windows 10','0','é€€å‡ºæˆåŠŸ','2021-06-10 01:17:33'),
(125,'admin','127.0.0.1','å†…ç½‘IP','Chrome 9','Windows 10','0','ç™»å½•æˆåŠŸ','2021-06-10 12:33:25'),
(126,'admin','127.0.0.1','å†…ç½‘IP','Chrome 9','Windows 10','1','éªŒè¯ç é”™è¯¯','2021-06-10 12:48:48'),
(127,'admin','127.0.0.1','å†…ç½‘IP','Chrome 9','Windows 10','0','ç™»å½•æˆåŠŸ','2021-06-10 12:48:53'),
(128,'admin','127.0.0.1','å†…ç½‘IP','Chrome 9','Windows 10','0','ç™»å½•æˆåŠŸ','2021-06-10 13:51:44'),
(129,'admin','127.0.0.1','å†…ç½‘IP','Chrome 9','Windows 10','0','é€€å‡ºæˆåŠŸ','2021-06-10 13:51:48'),
(130,'admin','127.0.0.1','å†…ç½‘IP','Chrome 9','Windows 10','0','ç™»å½•æˆåŠŸ','2021-06-10 13:51:55'),
(131,'admin','127.0.0.1','å†…ç½‘IP','Chrome 9','Windows 10','0','ç™»å½•æˆåŠŸ','2021-06-10 14:39:42'),
(132,'admin','127.0.0.1','å†…ç½‘IP','Chrome 9','Windows 10','0','ç™»å½•æˆåŠŸ','2021-06-10 14:57:17'),
(133,'admin','127.0.0.1','å†…ç½‘IP','Chrome 9','Windows 10','0','ç™»å½•æˆåŠŸ','2021-06-10 22:23:21'),
(134,'admin','127.0.0.1','å†…ç½‘IP','Chrome 9','Windows 10','1','éªŒè¯ç é”™è¯¯','2021-06-10 22:31:01'),
(135,'admin','127.0.0.1','å†…ç½‘IP','Chrome 9','Windows 10','0','ç™»å½•æˆåŠŸ','2021-06-10 22:31:04'),
(136,'admin','127.0.0.1','å†…ç½‘IP','Chrome 9','Windows 10','0','ç™»å½•æˆåŠŸ','2021-06-10 22:33:06'),
(137,'admin','127.0.0.1','å†…ç½‘IP','Chrome 9','Windows 10','0','ç™»å½•æˆåŠŸ','2021-06-10 22:57:49'),
(138,'admin','127.0.0.1','å†…ç½‘IP','Chrome 9','Windows 10','0','ç™»å½•æˆåŠŸ','2021-06-10 23:03:21'),
(139,'admin','127.0.0.1','å†…ç½‘IP','Chrome 9','Windows 10','0','ç™»å½•æˆåŠŸ','2021-06-12 20:39:20'),
(140,'admin','127.0.0.1','å†…ç½‘IP','Chrome 9','Windows 10','1','éªŒè¯ç é”™è¯¯','2021-06-12 20:51:29'),
(141,'admin','127.0.0.1','å†…ç½‘IP','Chrome 9','Windows 10','0','ç™»å½•æˆåŠŸ','2021-06-12 20:51:33'),
(142,'admin','127.0.0.1','å†…ç½‘IP','Chrome 9','Windows 10','0','ç™»å½•æˆåŠŸ','2021-06-12 20:55:54'),
(143,'admin','127.0.0.1','å†…ç½‘IP','Chrome 9','Windows 10','1','éªŒè¯ç é”™è¯¯','2021-06-12 20:57:21'),
(144,'admin','127.0.0.1','å†…ç½‘IP','Chrome 9','Windows 10','0','ç™»å½•æˆåŠŸ','2021-06-12 20:57:25'),
(145,'admin','127.0.0.1','å†…ç½‘IP','Chrome 9','Windows 10','0','ç™»å½•æˆåŠŸ','2021-06-12 20:59:07'),
(146,'admin','127.0.0.1','å†…ç½‘IP','Chrome 9','Windows 10','0','ç™»å½•æˆåŠŸ','2021-06-12 21:04:21'),
(147,'admin','127.0.0.1','å†…ç½‘IP','Chrome 9','Windows 10','0','ç™»å½•æˆåŠŸ','2021-06-12 21:11:22'),
(148,'admin','127.0.0.1','å†…ç½‘IP','Chrome 9','Windows 10','0','ç™»å½•æˆåŠŸ','2021-06-12 21:45:47'),
(149,'admin','127.0.0.1','å†…ç½‘IP','Chrome 9','Windows 10','0','ç™»å½•æˆåŠŸ','2021-06-12 21:55:48'),
(150,'admin','127.0.0.1','å†…ç½‘IP','Chrome 9','Windows 10','0','ç™»å½•æˆåŠŸ','2021-06-12 22:02:14'),
(151,'admin','127.0.0.1','å†…ç½‘IP','Chrome 9','Windows 10','0','ç™»å½•æˆåŠŸ','2021-06-12 22:14:20'),
(152,'admin','127.0.0.1','å†…ç½‘IP','Chrome 9','Windows 10','0','ç™»å½•æˆåŠŸ','2021-06-12 22:26:51'),
(153,'admin','127.0.0.1','å†…ç½‘IP','Chrome 9','Windows 10','0','ç™»å½•æˆåŠŸ','2021-06-12 23:13:50'),
(154,'admin','127.0.0.1','å†…ç½‘IP','Chrome 9','Windows 10','0','ç™»å½•æˆåŠŸ','2021-06-12 23:17:57'),
(155,'admin','127.0.0.1','å†…ç½‘IP','Chrome 9','Windows 10','0','ç™»å½•æˆåŠŸ','2021-06-12 23:34:56'),
(156,'admin','127.0.0.1','å†…ç½‘IP','Chrome 9','Windows 10','0','ç™»å½•æˆåŠŸ','2021-06-12 23:38:06'),
(157,'admin','127.0.0.1','å†…ç½‘IP','Chrome 9','Windows 10','0','ç™»å½•æˆåŠŸ','2021-06-12 23:40:17'),
(158,'admin','127.0.0.1','å†…ç½‘IP','Chrome 9','Windows 10','0','ç™»å½•æˆåŠŸ','2021-06-13 10:13:11'),
(159,'admin','127.0.0.1','å†…ç½‘IP','Chrome 9','Windows 10','0','ç™»å½•æˆåŠŸ','2021-06-13 10:23:11'),
(160,'admin','127.0.0.1','å†…ç½‘IP','Chrome 9','Windows 10','1','éªŒè¯ç é”™è¯¯','2021-06-13 10:44:43'),
(161,'admin','127.0.0.1','å†…ç½‘IP','Chrome 9','Windows 10','0','ç™»å½•æˆåŠŸ','2021-06-13 10:44:47'),
(162,'admin','127.0.0.1','å†…ç½‘IP','Chrome 9','Windows 10','0','ç™»å½•æˆåŠŸ','2021-06-13 10:49:36'),
(163,'admin','127.0.0.1','å†…ç½‘IP','Chrome 9','Windows 10','0','ç™»å½•æˆåŠŸ','2021-06-13 11:27:49'),
(164,'admin','127.0.0.1','å†…ç½‘IP','Chrome 9','Windows 10','0','ç™»å½•æˆåŠŸ','2021-06-13 11:34:35'),
(165,'admin','127.0.0.1','å†…ç½‘IP','Chrome 9','Windows 10','0','ç™»å½•æˆåŠŸ','2021-06-13 11:40:02'),
(166,'admin','127.0.0.1','å†…ç½‘IP','Chrome 9','Windows 10','0','ç™»å½•æˆåŠŸ','2021-06-13 11:45:59'),
(167,'admin','127.0.0.1','å†…ç½‘IP','Chrome 9','Windows 10','0','ç™»å½•æˆåŠŸ','2021-06-13 11:48:54'),
(168,'admin','127.0.0.1','å†…ç½‘IP','Chrome 9','Windows 10','0','ç™»å½•æˆåŠŸ','2021-06-13 11:50:20'),
(169,'admin','127.0.0.1','å†…ç½‘IP','Chrome 9','Windows 10','0','ç™»å½•æˆåŠŸ','2021-06-13 12:10:19'),
(170,'admin','127.0.0.1','å†…ç½‘IP','Chrome 9','Windows 10','0','ç™»å½•æˆåŠŸ','2021-06-13 12:20:20'),
(171,'admin','127.0.0.1','å†…ç½‘IP','Chrome 9','Windows 10','0','ç™»å½•æˆåŠŸ','2021-06-13 12:22:00'),
(172,'admin','127.0.0.1','å†…ç½‘IP','Chrome 9','Windows 10','0','ç™»å½•æˆåŠŸ','2021-06-13 13:15:25'),
(173,'admin','127.0.0.1','å†…ç½‘IP','Chrome 9','Windows 10','0','é€€å‡ºæˆåŠŸ','2021-06-13 13:19:11'),
(174,'admin','127.0.0.1','å†…ç½‘IP','Chrome 9','Windows 10','1','éªŒè¯ç é”™è¯¯','2021-06-13 17:20:10'),
(175,'admin','127.0.0.1','å†…ç½‘IP','Chrome 9','Windows 10','0','ç™»å½•æˆåŠŸ','2021-06-13 17:21:14'),
(176,'admin','127.0.0.1','å†…ç½‘IP','Chrome 9','Windows 10','0','ç™»å½•æˆåŠŸ','2021-06-13 18:33:18'),
(177,'admin','127.0.0.1','å†…ç½‘IP','Chrome 9','Windows 10','0','ç™»å½•æˆåŠŸ','2021-06-13 19:14:07'),
(178,'admin','127.0.0.1','å†…ç½‘IP','Chrome 9','Windows 10','0','ç™»å½•æˆåŠŸ','2021-06-13 20:45:12'),
(179,'admin','127.0.0.1','å†…ç½‘IP','Chrome 9','Windows 10','0','é€€å‡ºæˆåŠŸ','2021-06-13 21:15:09'),
(180,'admin','127.0.0.1','å†…ç½‘IP','Chrome 9','Windows 10','0','ç™»å½•æˆåŠŸ','2021-06-13 21:15:12'),
(181,'admin','127.0.0.1','å†…ç½‘IP','Chrome 9','Windows 10','0','é€€å‡ºæˆåŠŸ','2021-06-13 21:17:24'),
(182,'admin','127.0.0.1','å†…ç½‘IP','Chrome 9','Windows 10','0','ç™»å½•æˆåŠŸ','2021-06-13 21:17:27'),
(183,'admin','127.0.0.1','å†…ç½‘IP','Chrome 9','Windows 10','0','é€€å‡ºæˆåŠŸ','2021-06-13 21:18:21'),
(184,'admin','127.0.0.1','å†…ç½‘IP','Chrome 9','Windows 10','0','ç™»å½•æˆåŠŸ','2021-06-13 21:18:24'),
(185,'admin','127.0.0.1','å†…ç½‘IP','Chrome 9','Windows 10','0','ç™»å½•æˆåŠŸ','2021-06-13 21:24:19'),
(186,'admin','127.0.0.1','å†…ç½‘IP','Chrome 9','Windows 10','0','ç™»å½•æˆåŠŸ','2021-06-13 21:57:56'),
(187,'admin','127.0.0.1','å†…ç½‘IP','Chrome 9','Windows 10','0','ç™»å½•æˆåŠŸ','2021-06-13 22:04:59'),
(188,'admin','127.0.0.1','å†…ç½‘IP','Chrome 9','Windows 10','0','ç™»å½•æˆåŠŸ','2021-06-13 22:27:03'),
(189,'admin','127.0.0.1','å†…ç½‘IP','Chrome 9','Windows 10','0','ç™»å½•æˆåŠŸ','2021-06-13 22:30:48'),
(190,'admin','127.0.0.1','å†…ç½‘IP','Chrome 9','Windows 10','0','ç™»å½•æˆåŠŸ','2021-06-13 23:41:21'),
(191,'admin','127.0.0.1','å†…ç½‘IP','Chrome 9','Windows 10','0','ç™»å½•æˆåŠŸ','2021-06-14 00:03:15'),
(192,'admin','127.0.0.1','å†…ç½‘IP','Chrome 9','Windows 10','0','ç™»å½•æˆåŠŸ','2021-06-14 09:30:23'),
(193,'admin','127.0.0.1','å†…ç½‘IP','Chrome 9','Windows 10','0','ç™»å½•æˆåŠŸ','2021-06-14 12:50:39'),
(194,'admin','127.0.0.1','å†…ç½‘IP','Chrome 9','Windows 10','0','ç™»å½•æˆåŠŸ','2021-06-15 11:20:20'),
(195,'admin','127.0.0.1','å†…ç½‘IP','Chrome 9','Windows 10','0','ç™»å½•æˆåŠŸ','2021-06-15 11:27:20'),
(196,'admin','127.0.0.1','å†…ç½‘IP','Chrome 9','Windows 10','0','ç™»å½•æˆåŠŸ','2021-06-15 11:41:15');

/*Table structure for table `sys_menu` */

DROP TABLE IF EXISTS `sys_menu`;

CREATE TABLE `sys_menu` (
  `menu_id` bigint(20) NOT NULL AUTO_INCREMENT COMMENT 'èœå•ID',
  `menu_name` varchar(50) NOT NULL COMMENT 'èœå•åç§°',
  `parent_id` bigint(20) DEFAULT '0' COMMENT 'çˆ¶èœå•ID',
  `order_num` int(4) DEFAULT '0' COMMENT 'æ˜¾ç¤ºé¡ºåº',
  `url` varchar(200) DEFAULT '#' COMMENT 'è¯·æ±‚åœ°å€',
  `target` varchar(20) DEFAULT '' COMMENT 'æ‰“å¼€æ–¹å¼ï¼ˆmenuItemé¡µç­¾ menuBlankæ–°çª—å£ï¼‰',
  `menu_type` char(1) DEFAULT '' COMMENT 'èœå•ç±»å‹ï¼ˆMç›®å½• Cèœå• FæŒ‰é’®ï¼‰',
  `visible` char(1) DEFAULT '0' COMMENT 'èœå•çŠ¶æ€ï¼ˆ0æ˜¾ç¤º 1éšè—ï¼‰',
  `is_refresh` char(1) DEFAULT '1' COMMENT 'æ˜¯å¦åˆ·æ–°ï¼ˆ0åˆ·æ–° 1ä¸åˆ·æ–°ï¼‰',
  `perms` varchar(100) DEFAULT NULL COMMENT 'æƒé™æ ‡è¯†',
  `icon` varchar(100) DEFAULT '#' COMMENT 'èœå•å›¾æ ‡',
  `create_by` varchar(64) DEFAULT '' COMMENT 'åˆ›å»ºè€…',
  `create_time` datetime DEFAULT NULL COMMENT 'åˆ›å»ºæ—¶é—´',
  `update_by` varchar(64) DEFAULT '' COMMENT 'æ›´æ–°è€…',
  `update_time` datetime DEFAULT NULL COMMENT 'æ›´æ–°æ—¶é—´',
  `remark` varchar(500) DEFAULT '' COMMENT 'å¤‡æ³¨',
  PRIMARY KEY (`menu_id`)
) ENGINE=InnoDB AUTO_INCREMENT=1101 DEFAULT CHARSET=utf8 COMMENT='èœå•æƒé™è¡¨';

/*Data for the table `sys_menu` */

insert  into `sys_menu`(`menu_id`,`menu_name`,`parent_id`,`order_num`,`url`,`target`,`menu_type`,`visible`,`is_refresh`,`perms`,`icon`,`create_by`,`create_time`,`update_by`,`update_time`,`remark`) values 
(1,'ç³»ç»Ÿç®¡ç†',0,10,'#','menuItem','M','0','1','','fa fa-gear','admin','2021-06-08 21:53:28','admin','2021-06-10 00:08:44','ç³»ç»Ÿç®¡ç†ç›®å½•'),
(2,'ç³»ç»Ÿç›‘æ§',0,90,'#','menuItem','M','0','1','','fa fa-video-camera','admin','2021-06-08 21:53:28','admin','2021-06-10 00:08:54','ç³»ç»Ÿç›‘æ§ç›®å½•'),
(3,'ç³»ç»Ÿå·¥å…·',0,30,'#','menuItem','M','0','1','','fa fa-bars','admin','2021-06-08 21:53:28','admin','2021-06-10 00:09:13','ç³»ç»Ÿå·¥å…·ç›®å½•'),
(4,'æ¼”ç¤ºç¯å¢ƒ',0,999,'https://demo.kyee.com.cn/auth_web/new_login','menuBlank','C','1','1','','fa fa-location-arrow','admin','2021-06-08 21:53:28','admin','2021-06-13 21:21:05','æ¼”ç¤ºç¯å¢ƒåœ°å€'),
(100,'ç”¨æˆ·ç®¡ç†',1,1,'/system/user','','C','0','1','system:user:view','fa fa-user-o','admin','2021-06-08 21:53:28','',NULL,'ç”¨æˆ·ç®¡ç†èœå•'),
(101,'è§’è‰²ç®¡ç†',1,2,'/system/role','','C','0','1','system:role:view','fa fa-user-secret','admin','2021-06-08 21:53:28','',NULL,'è§’è‰²ç®¡ç†èœå•'),
(102,'èœå•ç®¡ç†',1,3,'/system/menu','','C','0','1','system:menu:view','fa fa-th-list','admin','2021-06-08 21:53:28','',NULL,'èœå•ç®¡ç†èœå•'),
(103,'éƒ¨é—¨ç®¡ç†',1,4,'/system/dept','','C','0','1','system:dept:view','fa fa-outdent','admin','2021-06-08 21:53:28','',NULL,'éƒ¨é—¨ç®¡ç†èœå•'),
(104,'å²—ä½ç®¡ç†',1,5,'/system/post','','C','0','1','system:post:view','fa fa-address-card-o','admin','2021-06-08 21:53:28','',NULL,'å²—ä½ç®¡ç†èœå•'),
(105,'å­—å…¸ç®¡ç†',1,6,'/system/dict','','C','0','1','system:dict:view','fa fa-bookmark-o','admin','2021-06-08 21:53:28','',NULL,'å­—å…¸ç®¡ç†èœå•'),
(106,'å‚æ•°è®¾ç½®',1,7,'/system/config','','C','0','1','system:config:view','fa fa-sun-o','admin','2021-06-08 21:53:28','',NULL,'å‚æ•°è®¾ç½®èœå•'),
(107,'é€šçŸ¥å…¬å‘Š',1,8,'/system/notice','','C','0','1','system:notice:view','fa fa-bullhorn','admin','2021-06-08 21:53:28','',NULL,'é€šçŸ¥å…¬å‘Šèœå•'),
(108,'æ—¥å¿—ç®¡ç†',1,9,'#','','M','0','1','','fa fa-pencil-square-o','admin','2021-06-08 21:53:28','',NULL,'æ—¥å¿—ç®¡ç†èœå•'),
(109,'åœ¨çº¿ç”¨æˆ·',2,1,'/monitor/online','','C','0','1','monitor:online:view','fa fa-user-circle','admin','2021-06-08 21:53:28','',NULL,'åœ¨çº¿ç”¨æˆ·èœå•'),
(110,'å®šæ—¶ä»»åŠ¡',2,2,'/monitor/job','','C','0','1','monitor:job:view','fa fa-tasks','admin','2021-06-08 21:53:28','',NULL,'å®šæ—¶ä»»åŠ¡èœå•'),
(111,'æ•°æ®ç›‘æ§',2,3,'/monitor/data','','C','0','1','monitor:data:view','fa fa-bug','admin','2021-06-08 21:53:28','',NULL,'æ•°æ®ç›‘æ§èœå•'),
(112,'æœåŠ¡ç›‘æ§',2,4,'/monitor/server','','C','0','1','monitor:server:view','fa fa-server','admin','2021-06-08 21:53:28','',NULL,'æœåŠ¡ç›‘æ§èœå•'),
(113,'ç¼“å­˜ç›‘æ§',2,5,'/monitor/cache','','C','0','1','monitor:cache:view','fa fa-cube','admin','2021-06-08 21:53:28','',NULL,'ç¼“å­˜ç›‘æ§èœå•'),
(114,'è¡¨å•æ„å»º',3,1,'/tool/build','','C','0','1','tool:build:view','fa fa-wpforms','admin','2021-06-08 21:53:28','',NULL,'è¡¨å•æ„å»ºèœå•'),
(115,'ä»£ç ç”Ÿæˆ',3,2,'/tool/gen','','C','0','1','tool:gen:view','fa fa-code','admin','2021-06-08 21:53:28','',NULL,'ä»£ç ç”Ÿæˆèœå•'),
(116,'ç³»ç»Ÿæ¥å£',3,3,'/tool/swagger','','C','0','1','tool:swagger:view','fa fa-gg','admin','2021-06-08 21:53:28','',NULL,'ç³»ç»Ÿæ¥å£èœå•'),
(500,'æ“ä½œæ—¥å¿—',108,1,'/monitor/operlog','','C','0','1','monitor:operlog:view','fa fa-address-book','admin','2021-06-08 21:53:28','',NULL,'æ“ä½œæ—¥å¿—èœå•'),
(501,'ç™»å½•æ—¥å¿—',108,2,'/monitor/logininfor','','C','0','1','monitor:logininfor:view','fa fa-file-image-o','admin','2021-06-08 21:53:28','',NULL,'ç™»å½•æ—¥å¿—èœå•'),
(1000,'ç”¨æˆ·æŸ¥è¯¢',100,1,'#','','F','0','1','system:user:list','#','admin','2021-06-08 21:53:28','',NULL,''),
(1001,'ç”¨æˆ·æ–°å¢',100,2,'#','','F','0','1','system:user:add','#','admin','2021-06-08 21:53:28','',NULL,''),
(1002,'ç”¨æˆ·ä¿®æ”¹',100,3,'#','','F','0','1','system:user:edit','#','admin','2021-06-08 21:53:28','',NULL,''),
(1003,'ç”¨æˆ·åˆ é™¤',100,4,'#','','F','0','1','system:user:remove','#','admin','2021-06-08 21:53:28','',NULL,''),
(1004,'ç”¨æˆ·å¯¼å‡º',100,5,'#','','F','0','1','system:user:export','#','admin','2021-06-08 21:53:28','',NULL,''),
(1005,'ç”¨æˆ·å¯¼å…¥',100,6,'#','','F','0','1','system:user:import','#','admin','2021-06-08 21:53:28','',NULL,''),
(1006,'é‡ç½®å¯†ç ',100,7,'#','','F','0','1','system:user:resetPwd','#','admin','2021-06-08 21:53:28','',NULL,''),
(1007,'è§’è‰²æŸ¥è¯¢',101,1,'#','','F','0','1','system:role:list','#','admin','2021-06-08 21:53:28','',NULL,''),
(1008,'è§’è‰²æ–°å¢',101,2,'#','','F','0','1','system:role:add','#','admin','2021-06-08 21:53:28','',NULL,''),
(1009,'è§’è‰²ä¿®æ”¹',101,3,'#','','F','0','1','system:role:edit','#','admin','2021-06-08 21:53:28','',NULL,''),
(1010,'è§’è‰²åˆ é™¤',101,4,'#','','F','0','1','system:role:remove','#','admin','2021-06-08 21:53:28','',NULL,''),
(1011,'è§’è‰²å¯¼å‡º',101,5,'#','','F','0','1','system:role:export','#','admin','2021-06-08 21:53:28','',NULL,''),
(1012,'èœå•æŸ¥è¯¢',102,1,'#','','F','0','1','system:menu:list','#','admin','2021-06-08 21:53:28','',NULL,''),
(1013,'èœå•æ–°å¢',102,2,'#','','F','0','1','system:menu:add','#','admin','2021-06-08 21:53:28','',NULL,''),
(1014,'èœå•ä¿®æ”¹',102,3,'#','','F','0','1','system:menu:edit','#','admin','2021-06-08 21:53:28','',NULL,''),
(1015,'èœå•åˆ é™¤',102,4,'#','','F','0','1','system:menu:remove','#','admin','2021-06-08 21:53:28','',NULL,''),
(1016,'éƒ¨é—¨æŸ¥è¯¢',103,1,'#','','F','0','1','system:dept:list','#','admin','2021-06-08 21:53:28','',NULL,''),
(1017,'éƒ¨é—¨æ–°å¢',103,2,'#','','F','0','1','system:dept:add','#','admin','2021-06-08 21:53:28','',NULL,''),
(1018,'éƒ¨é—¨ä¿®æ”¹',103,3,'#','','F','0','1','system:dept:edit','#','admin','2021-06-08 21:53:28','',NULL,''),
(1019,'éƒ¨é—¨åˆ é™¤',103,4,'#','','F','0','1','system:dept:remove','#','admin','2021-06-08 21:53:28','',NULL,''),
(1020,'å²—ä½æŸ¥è¯¢',104,1,'#','','F','0','1','system:post:list','#','admin','2021-06-08 21:53:28','',NULL,''),
(1021,'å²—ä½æ–°å¢',104,2,'#','','F','0','1','system:post:add','#','admin','2021-06-08 21:53:28','',NULL,''),
(1022,'å²—ä½ä¿®æ”¹',104,3,'#','','F','0','1','system:post:edit','#','admin','2021-06-08 21:53:28','',NULL,''),
(1023,'å²—ä½åˆ é™¤',104,4,'#','','F','0','1','system:post:remove','#','admin','2021-06-08 21:53:28','',NULL,''),
(1024,'å²—ä½å¯¼å‡º',104,5,'#','','F','0','1','system:post:export','#','admin','2021-06-08 21:53:28','',NULL,''),
(1025,'å­—å…¸æŸ¥è¯¢',105,1,'#','','F','0','1','system:dict:list','#','admin','2021-06-08 21:53:28','',NULL,''),
(1026,'å­—å…¸æ–°å¢',105,2,'#','','F','0','1','system:dict:add','#','admin','2021-06-08 21:53:28','',NULL,''),
(1027,'å­—å…¸ä¿®æ”¹',105,3,'#','','F','0','1','system:dict:edit','#','admin','2021-06-08 21:53:28','',NULL,''),
(1028,'å­—å…¸åˆ é™¤',105,4,'#','','F','0','1','system:dict:remove','#','admin','2021-06-08 21:53:28','',NULL,''),
(1029,'å­—å…¸å¯¼å‡º',105,5,'#','','F','0','1','system:dict:export','#','admin','2021-06-08 21:53:28','',NULL,''),
(1030,'å‚æ•°æŸ¥è¯¢',106,1,'#','','F','0','1','system:config:list','#','admin','2021-06-08 21:53:28','',NULL,''),
(1031,'å‚æ•°æ–°å¢',106,2,'#','','F','0','1','system:config:add','#','admin','2021-06-08 21:53:28','',NULL,''),
(1032,'å‚æ•°ä¿®æ”¹',106,3,'#','','F','0','1','system:config:edit','#','admin','2021-06-08 21:53:28','',NULL,''),
(1033,'å‚æ•°åˆ é™¤',106,4,'#','','F','0','1','system:config:remove','#','admin','2021-06-08 21:53:28','',NULL,''),
(1034,'å‚æ•°å¯¼å‡º',106,5,'#','','F','0','1','system:config:export','#','admin','2021-06-08 21:53:28','',NULL,''),
(1035,'å…¬å‘ŠæŸ¥è¯¢',107,1,'#','','F','0','1','system:notice:list','#','admin','2021-06-08 21:53:28','',NULL,''),
(1036,'å…¬å‘Šæ–°å¢',107,2,'#','','F','0','1','system:notice:add','#','admin','2021-06-08 21:53:28','',NULL,''),
(1037,'å…¬å‘Šä¿®æ”¹',107,3,'#','','F','0','1','system:notice:edit','#','admin','2021-06-08 21:53:28','',NULL,''),
(1038,'å…¬å‘Šåˆ é™¤',107,4,'#','','F','0','1','system:notice:remove','#','admin','2021-06-08 21:53:28','',NULL,''),
(1039,'æ“ä½œæŸ¥è¯¢',500,1,'#','','F','0','1','monitor:operlog:list','#','admin','2021-06-08 21:53:28','',NULL,''),
(1040,'æ“ä½œåˆ é™¤',500,2,'#','','F','0','1','monitor:operlog:remove','#','admin','2021-06-08 21:53:28','',NULL,''),
(1041,'è¯¦ç»†ä¿¡æ¯',500,3,'#','','F','0','1','monitor:operlog:detail','#','admin','2021-06-08 21:53:28','',NULL,''),
(1042,'æ—¥å¿—å¯¼å‡º',500,4,'#','','F','0','1','monitor:operlog:export','#','admin','2021-06-08 21:53:28','',NULL,''),
(1043,'ç™»å½•æŸ¥è¯¢',501,1,'#','','F','0','1','monitor:logininfor:list','#','admin','2021-06-08 21:53:28','',NULL,''),
(1044,'ç™»å½•åˆ é™¤',501,2,'#','','F','0','1','monitor:logininfor:remove','#','admin','2021-06-08 21:53:28','',NULL,''),
(1045,'æ—¥å¿—å¯¼å‡º',501,3,'#','','F','0','1','monitor:logininfor:export','#','admin','2021-06-08 21:53:28','',NULL,''),
(1046,'è´¦æˆ·è§£é”',501,4,'#','','F','0','1','monitor:logininfor:unlock','#','admin','2021-06-08 21:53:28','',NULL,''),
(1047,'åœ¨çº¿æŸ¥è¯¢',109,1,'#','','F','0','1','monitor:online:list','#','admin','2021-06-08 21:53:28','',NULL,''),
(1048,'æ‰¹é‡å¼ºé€€',109,2,'#','','F','0','1','monitor:online:batchForceLogout','#','admin','2021-06-08 21:53:28','',NULL,''),
(1049,'å•æ¡å¼ºé€€',109,3,'#','','F','0','1','monitor:online:forceLogout','#','admin','2021-06-08 21:53:28','',NULL,''),
(1050,'ä»»åŠ¡æŸ¥è¯¢',110,1,'#','','F','0','1','monitor:job:list','#','admin','2021-06-08 21:53:28','',NULL,''),
(1051,'ä»»åŠ¡æ–°å¢',110,2,'#','','F','0','1','monitor:job:add','#','admin','2021-06-08 21:53:28','',NULL,''),
(1052,'ä»»åŠ¡ä¿®æ”¹',110,3,'#','','F','0','1','monitor:job:edit','#','admin','2021-06-08 21:53:28','',NULL,''),
(1053,'ä»»åŠ¡åˆ é™¤',110,4,'#','','F','0','1','monitor:job:remove','#','admin','2021-06-08 21:53:28','',NULL,''),
(1054,'çŠ¶æ€ä¿®æ”¹',110,5,'#','','F','0','1','monitor:job:changeStatus','#','admin','2021-06-08 21:53:28','',NULL,''),
(1055,'ä»»åŠ¡è¯¦ç»†',110,6,'#','','F','0','1','monitor:job:detail','#','admin','2021-06-08 21:53:28','',NULL,''),
(1056,'ä»»åŠ¡å¯¼å‡º',110,7,'#','','F','0','1','monitor:job:export','#','admin','2021-06-08 21:53:28','',NULL,''),
(1057,'ç”ŸæˆæŸ¥è¯¢',115,1,'#','','F','0','1','tool:gen:list','#','admin','2021-06-08 21:53:28','',NULL,''),
(1058,'ç”Ÿæˆä¿®æ”¹',115,2,'#','','F','0','1','tool:gen:edit','#','admin','2021-06-08 21:53:28','',NULL,''),
(1059,'ç”Ÿæˆåˆ é™¤',115,3,'#','','F','0','1','tool:gen:remove','#','admin','2021-06-08 21:53:28','',NULL,''),
(1060,'é¢„è§ˆä»£ç ',115,4,'#','','F','0','1','tool:gen:preview','#','admin','2021-06-08 21:53:28','',NULL,''),
(1061,'ç”Ÿæˆä»£ç ',115,5,'#','','F','0','1','tool:gen:code','#','admin','2021-06-08 21:53:28','',NULL,''),
(1062,'è¡¥ä¸ç®¡ç†',0,20,'#','menuItem','M','0','1','','fa fa-rocket','admin','2021-06-10 00:08:21','admin','2021-06-10 00:09:03',''),
(1065,'äº§å“ç®¡ç†',1062,1,'/upgrade/product','menuItem','C','0','1','upgrade:product:view','fa fa-cart-plus','admin','2021-06-10 00:13:40','admin','2021-06-13 17:30:44','äº§å“ç®¡ç†èœå•'),
(1066,'äº§å“æŸ¥è¯¢',1065,1,'#','menuItem','F','0','1','upgrade:product:list','#','admin','2021-06-10 00:13:40','admin','2021-06-10 00:58:21',''),
(1067,'äº§å“æ–°å¢',1065,2,'#','menuItem','F','0','1','upgrade:product:add','#','admin','2021-06-10 00:13:40','admin','2021-06-10 00:58:35',''),
(1068,'äº§å“ä¿®æ”¹',1065,3,'#','menuItem','F','0','1','upgrade:product:edit','#','admin','2021-06-10 00:13:40','admin','2021-06-10 00:58:47',''),
(1069,'äº§å“åˆ é™¤',1065,4,'#','menuItem','F','0','1','upgrade:product:remove','#','admin','2021-06-10 00:13:40','admin','2021-06-10 00:58:56',''),
(1070,'äº§å“å¯¼å‡º',1065,5,'#','menuItem','F','0','1','upgrade:product:export','#','admin','2021-06-10 00:13:40','admin','2021-06-10 00:59:05',''),
(1071,'é¡¹ç›®ç®¡ç†',1062,1,'/upgrade/project','menuItem','C','0','1','upgrade:project:view','fa fa-handshake-o','admin','2021-06-10 00:56:24','admin','2021-06-13 17:31:39','é¡¹ç›®èœå•'),
(1072,'é¡¹ç›®æŸ¥è¯¢',1071,1,'#','menuItem','F','0','1','upgrade:project:list','#','admin','2021-06-10 00:56:24','',NULL,''),
(1073,'é¡¹ç›®æ–°å¢',1071,2,'#','menuItem','F','0','1','upgrade:project:add','#','admin','2021-06-10 00:56:24','',NULL,''),
(1074,'é¡¹ç›®ä¿®æ”¹',1071,3,'#','menuItem','F','0','1','upgrade:project:edit','#','admin','2021-06-10 00:56:24','',NULL,''),
(1075,'é¡¹ç›®åˆ é™¤',1071,4,'#','menuItem','F','0','1','upgrade:project:remove','#','admin','2021-06-10 00:56:24','',NULL,''),
(1076,'é¡¹ç›®å¯¼å‡º',1071,5,'#','menuItem','F','0','1','upgrade:project:export','#','admin','2021-06-10 00:56:24','',NULL,''),
(1077,'é¡¹ç›®äº§å“ç®¡ç†',1062,1,'/upgrade/projectProduct','menuItem','C','0','1','upgrade:projectProduct:view','fa fa-asl-interpreting','admin','2021-06-10 01:10:58','admin','2021-06-13 17:32:13','é¡¹ç›®äº§å“èœå•'),
(1078,'é¡¹ç›®äº§å“æŸ¥è¯¢',1077,1,'#','menuItem','F','0','1','upgrade:projectProduct:list','#','admin','2021-06-10 01:10:58','',NULL,''),
(1079,'é¡¹ç›®äº§å“æ–°å¢',1077,2,'#','menuItem','F','0','1','upgrade:projectProduct:add','#','admin','2021-06-10 01:10:58','',NULL,''),
(1080,'é¡¹ç›®äº§å“ä¿®æ”¹',1077,3,'#','menuItem','F','0','1','upgrade:projectProduct:edit','#','admin','2021-06-10 01:10:58','',NULL,''),
(1081,'é¡¹ç›®äº§å“åˆ é™¤',1077,4,'#','menuItem','F','0','1','upgrade:projectProduct:remove','#','admin','2021-06-10 01:10:58','',NULL,''),
(1082,'é¡¹ç›®äº§å“å¯¼å‡º',1077,5,'#','menuItem','F','0','1','upgrade:projectProduct:export','#','admin','2021-06-10 01:10:58','',NULL,''),
(1083,'é¡¹ç›®åº”ç”¨æœåŠ¡',1062,1,'/upgrade/projectServer','menuItem','C','0','1','upgrade:projectServer:view','fa fa-server','admin','2021-06-10 23:04:46','admin','2021-06-13 17:33:02','é¡¹ç›®åº”ç”¨æœåŠ¡èœå•'),
(1084,'é¡¹ç›®åº”ç”¨æœåŠ¡æŸ¥è¯¢',1083,1,'#','','F','0','1','upgrade:projectServer:list','#','admin','2021-06-10 23:04:46','',NULL,''),
(1085,'é¡¹ç›®åº”ç”¨æœåŠ¡æ–°å¢',1083,2,'#','','F','0','1','upgrade:projectServer:add','#','admin','2021-06-10 23:04:46','',NULL,''),
(1086,'é¡¹ç›®åº”ç”¨æœåŠ¡ä¿®æ”¹',1083,3,'#','','F','0','1','upgrade:projectServer:edit','#','admin','2021-06-10 23:04:46','',NULL,''),
(1087,'é¡¹ç›®åº”ç”¨æœåŠ¡åˆ é™¤',1083,4,'#','','F','0','1','upgrade:projectServer:remove','#','admin','2021-06-10 23:04:46','',NULL,''),
(1088,'é¡¹ç›®åº”ç”¨æœåŠ¡å¯¼å‡º',1083,5,'#','','F','0','1','upgrade:projectServer:export','#','admin','2021-06-10 23:04:46','',NULL,''),
(1089,'è¡¥ä¸åŒ…ç®¡ç†',1062,1,'/upgrade/patch','menuItem','C','0','1','upgrade:patch:view','fa fa-bug','admin','2021-06-12 21:34:51','admin','2021-06-13 21:32:52','è¡¥ä¸åŒ…ç®¡ç†èœå•'),
(1090,'è¡¥ä¸åŒ…ç®¡ç†æŸ¥è¯¢',1089,1,'#','','F','0','1','upgrade:patch:list','#','admin','2021-06-12 21:34:51','',NULL,''),
(1091,'è¡¥ä¸åŒ…ç®¡ç†æ–°å¢',1089,2,'#','','F','0','1','upgrade:patch:add','#','admin','2021-06-12 21:34:51','',NULL,''),
(1092,'è¡¥ä¸åŒ…ç®¡ç†ä¿®æ”¹',1089,3,'#','','F','0','1','upgrade:patch:edit','#','admin','2021-06-12 21:34:51','',NULL,''),
(1093,'è¡¥ä¸åŒ…ç®¡ç†åˆ é™¤',1089,4,'#','','F','0','1','upgrade:patch:remove','#','admin','2021-06-12 21:34:51','',NULL,''),
(1094,'è¡¥ä¸åŒ…ç®¡ç†å¯¼å‡º',1089,5,'#','','F','0','1','upgrade:patch:export','#','admin','2021-06-12 21:34:51','',NULL,''),
(1095,'å‡çº§ç®¡ç†',1062,1,'/upgrade/uprecord','menuItem','C','0','1','upgrade:uprecord:view','fa fa-paper-plane-o','admin','2021-06-13 21:52:31','admin','2021-06-13 21:59:24','å‡çº§ç®¡ç†èœå•'),
(1096,'å‡çº§ç®¡ç†æŸ¥è¯¢',1095,1,'#','','F','0','1','upgrade:uprecord:list','#','admin','2021-06-13 21:52:31','',NULL,''),
(1097,'å‡çº§ç®¡ç†æ–°å¢',1095,2,'#','','F','0','1','upgrade:uprecord:add','#','admin','2021-06-13 21:52:31','',NULL,''),
(1098,'å‡çº§ç®¡ç†ä¿®æ”¹',1095,3,'#','','F','0','1','upgrade:uprecord:edit','#','admin','2021-06-13 21:52:31','',NULL,''),
(1099,'å‡çº§ç®¡ç†åˆ é™¤',1095,4,'#','','F','0','1','upgrade:uprecord:remove','#','admin','2021-06-13 21:52:31','',NULL,''),
(1100,'å‡çº§ç®¡ç†å¯¼å‡º',1095,5,'#','','F','0','1','upgrade:uprecord:export','#','admin','2021-06-13 21:52:31','',NULL,'');

/*Table structure for table `sys_notice` */

DROP TABLE IF EXISTS `sys_notice`;

CREATE TABLE `sys_notice` (
  `notice_id` int(4) NOT NULL AUTO_INCREMENT COMMENT 'å…¬å‘ŠID',
  `notice_title` varchar(50) NOT NULL COMMENT 'å…¬å‘Šæ ‡é¢˜',
  `notice_type` char(1) NOT NULL COMMENT 'å…¬å‘Šç±»å‹ï¼ˆ1é€šçŸ¥ 2å…¬å‘Šï¼‰',
  `notice_content` varchar(2000) DEFAULT NULL COMMENT 'å…¬å‘Šå†…å®¹',
  `status` char(1) DEFAULT '0' COMMENT 'å…¬å‘ŠçŠ¶æ€ï¼ˆ0æ­£å¸¸ 1å…³é—­ï¼‰',
  `create_by` varchar(64) DEFAULT '' COMMENT 'åˆ›å»ºè€…',
  `create_time` datetime DEFAULT NULL COMMENT 'åˆ›å»ºæ—¶é—´',
  `update_by` varchar(64) DEFAULT '' COMMENT 'æ›´æ–°è€…',
  `update_time` datetime DEFAULT NULL COMMENT 'æ›´æ–°æ—¶é—´',
  `remark` varchar(255) DEFAULT NULL COMMENT 'å¤‡æ³¨',
  PRIMARY KEY (`notice_id`)
) ENGINE=InnoDB AUTO_INCREMENT=3 DEFAULT CHARSET=utf8 COMMENT='é€šçŸ¥å…¬å‘Šè¡¨';

/*Data for the table `sys_notice` */

insert  into `sys_notice`(`notice_id`,`notice_title`,`notice_type`,`notice_content`,`status`,`create_by`,`create_time`,`update_by`,`update_time`,`remark`) values 
(1,'æ¸©é¦¨æé†’ï¼š2018-07-01 è‹¥ä¾æ–°ç‰ˆæœ¬å‘å¸ƒå•¦','2','æ–°ç‰ˆæœ¬å†…å®¹','0','admin','2021-06-08 21:53:45','',NULL,'ç®¡ç†å‘˜'),
(2,'ç»´æŠ¤é€šçŸ¥ï¼š2018-07-01 è‹¥ä¾ç³»ç»Ÿå‡Œæ™¨ç»´æŠ¤','1','ç»´æŠ¤å†…å®¹','0','admin','2021-06-08 21:53:45','',NULL,'ç®¡ç†å‘˜');

/*Table structure for table `sys_oper_log` */

DROP TABLE IF EXISTS `sys_oper_log`;

CREATE TABLE `sys_oper_log` (
  `oper_id` bigint(20) NOT NULL AUTO_INCREMENT COMMENT 'æ—¥å¿—ä¸»é”®',
  `title` varchar(50) DEFAULT '' COMMENT 'æ¨¡å—æ ‡é¢˜',
  `business_type` int(2) DEFAULT '0' COMMENT 'ä¸šåŠ¡ç±»å‹ï¼ˆ0å…¶å®ƒ 1æ–°å¢ 2ä¿®æ”¹ 3åˆ é™¤ï¼‰',
  `method` varchar(100) DEFAULT '' COMMENT 'æ–¹æ³•åç§°',
  `request_method` varchar(10) DEFAULT '' COMMENT 'è¯·æ±‚æ–¹å¼',
  `operator_type` int(1) DEFAULT '0' COMMENT 'æ“ä½œç±»åˆ«ï¼ˆ0å…¶å®ƒ 1åå°ç”¨æˆ· 2æ‰‹æœºç«¯ç”¨æˆ·ï¼‰',
  `oper_name` varchar(50) DEFAULT '' COMMENT 'æ“ä½œäººå‘˜',
  `dept_name` varchar(50) DEFAULT '' COMMENT 'éƒ¨é—¨åç§°',
  `oper_url` varchar(255) DEFAULT '' COMMENT 'è¯·æ±‚URL',
  `oper_ip` varchar(128) DEFAULT '' COMMENT 'ä¸»æœºåœ°å€',
  `oper_location` varchar(255) DEFAULT '' COMMENT 'æ“ä½œåœ°ç‚¹',
  `oper_param` varchar(2000) DEFAULT '' COMMENT 'è¯·æ±‚å‚æ•°',
  `json_result` varchar(2000) DEFAULT '' COMMENT 'è¿”å›å‚æ•°',
  `status` int(1) DEFAULT '0' COMMENT 'æ“ä½œçŠ¶æ€ï¼ˆ0æ­£å¸¸ 1å¼‚å¸¸ï¼‰',
  `error_msg` varchar(2000) DEFAULT '' COMMENT 'é”™è¯¯æ¶ˆæ¯',
  `oper_time` datetime DEFAULT NULL COMMENT 'æ“ä½œæ—¶é—´',
  PRIMARY KEY (`oper_id`)
) ENGINE=InnoDB AUTO_INCREMENT=257 DEFAULT CHARSET=utf8 COMMENT='æ“ä½œæ—¥å¿—è®°å½•';

/*Data for the table `sys_oper_log` */

insert  into `sys_oper_log`(`oper_id`,`title`,`business_type`,`method`,`request_method`,`operator_type`,`oper_name`,`dept_name`,`oper_url`,`oper_ip`,`oper_location`,`oper_param`,`json_result`,`status`,`error_msg`,`oper_time`) values 
(100,'èœå•ç®¡ç†',3,'com.ruoyi.web.controller.system.SysMenuController.remove()','GET',1,'admin','ç ”å‘éƒ¨é—¨','/system/menu/remove/4','127.0.0.1','å†…ç½‘IP','4','{\r\n  \"msg\" : \"èœå•å·²åˆ†é…,ä¸å…è®¸åˆ é™¤\",\r\n  \"code\" : 301\r\n}',0,NULL,'2021-06-08 22:12:45'),
(101,'éƒ¨é—¨ç®¡ç†',2,'com.ruoyi.web.controller.system.SysDeptController.editSave()','POST',1,'admin','ç ”å‘éƒ¨é—¨','/system/dept/edit','127.0.0.1','å†…ç½‘IP','{\"deptId\":[\"100\"],\"parentId\":[\"0\"],\"parentName\":[\"æ— \"],\"deptName\":[\"åŒ»ç–—äº‘\"],\"orderNum\":[\"0\"],\"leader\":[\"åŒ»ç–—äº‘\"],\"phone\":[\"15899999999\"],\"email\":[\"lijunqiang@kyee.com.cn\"],\"status\":[\"0\"]}','{\r\n  \"msg\" : \"æ“ä½œæˆåŠŸ\",\r\n  \"code\" : 0\r\n}',0,NULL,'2021-06-08 22:17:14'),
(102,'éƒ¨é—¨ç®¡ç†',2,'com.ruoyi.web.controller.system.SysDeptController.editSave()','POST',1,'admin','ç ”å‘éƒ¨é—¨','/system/dept/edit','127.0.0.1','å†…ç½‘IP','{\"deptId\":[\"101\"],\"parentId\":[\"100\"],\"parentName\":[\"åŒ»ç–—äº‘\"],\"deptName\":[\"äº‘HISç ”å‘\"],\"orderNum\":[\"1\"],\"leader\":[\"\"],\"phone\":[\"15888888888\"],\"email\":[\"ry@qq.com\"],\"status\":[\"0\"]}','{\r\n  \"msg\" : \"æ“ä½œæˆåŠŸ\",\r\n  \"code\" : 0\r\n}',0,NULL,'2021-06-08 22:17:50'),
(103,'éƒ¨é—¨ç®¡ç†',3,'com.ruoyi.web.controller.system.SysDeptController.remove()','GET',1,'admin','ç ”å‘éƒ¨é—¨','/system/dept/remove/104','127.0.0.1','å†…ç½‘IP','104','{\r\n  \"msg\" : \"æ“ä½œæˆåŠŸ\",\r\n  \"code\" : 0\r\n}',0,NULL,'2021-06-08 22:17:58'),
(104,'éƒ¨é—¨ç®¡ç†',3,'com.ruoyi.web.controller.system.SysDeptController.remove()','GET',1,'admin','ç ”å‘éƒ¨é—¨','/system/dept/remove/106','127.0.0.1','å†…ç½‘IP','106','{\r\n  \"msg\" : \"æ“ä½œæˆåŠŸ\",\r\n  \"code\" : 0\r\n}',0,NULL,'2021-06-08 22:18:03'),
(105,'éƒ¨é—¨ç®¡ç†',3,'com.ruoyi.web.controller.system.SysDeptController.remove()','GET',1,'admin','ç ”å‘éƒ¨é—¨','/system/dept/remove/107','127.0.0.1','å†…ç½‘IP','107','{\r\n  \"msg\" : \"æ“ä½œæˆåŠŸ\",\r\n  \"code\" : 0\r\n}',0,NULL,'2021-06-08 22:18:09'),
(106,'éƒ¨é—¨ç®¡ç†',2,'com.ruoyi.web.controller.system.SysDeptController.editSave()','POST',1,'admin','ç ”å‘éƒ¨é—¨','/system/dept/edit','127.0.0.1','å†…ç½‘IP','{\"deptId\":[\"102\"],\"parentId\":[\"100\"],\"parentName\":[\"åŒ»ç–—äº‘\"],\"deptName\":[\"å®æ–½\"],\"orderNum\":[\"2\"],\"leader\":[\"\"],\"phone\":[\"15888888888\"],\"email\":[\"ry@qq.com\"],\"status\":[\"0\"]}','{\r\n  \"msg\" : \"æ“ä½œæˆåŠŸ\",\r\n  \"code\" : 0\r\n}',0,NULL,'2021-06-08 22:18:30'),
(107,'ç”¨æˆ·ç®¡ç†',2,'com.ruoyi.web.controller.system.SysUserController.editSave()','POST',1,'admin','ç ”å‘éƒ¨é—¨','/system/user/edit','127.0.0.1','å†…ç½‘IP','{\"userId\":[\"1\"],\"deptId\":[\"103\"],\"userName\":[\"è‹¥ä¾\"],\"dept.deptName\":[\"ç ”å‘éƒ¨é—¨\"],\"phonenumber\":[\"15888888888\"],\"email\":[\"ry@163.com\"],\"loginName\":[\"admin\"],\"sex\":[\"1\"],\"role\":[\"1\"],\"remark\":[\"ç®¡ç†å‘˜\"],\"status\":[\"0\"],\"roleIds\":[\"1\"],\"postIds\":[\"1\"]}',NULL,1,'ä¸å…è®¸æ“ä½œè¶…çº§ç®¡ç†å‘˜ç”¨æˆ·','2021-06-08 23:09:29'),
(108,'ç”¨æˆ·ç®¡ç†',2,'com.ruoyi.web.controller.system.SysUserController.editSave()','POST',1,'admin','ç ”å‘éƒ¨é—¨','/system/user/edit','127.0.0.1','å†…ç½‘IP','{\"userId\":[\"2\"],\"deptId\":[\"105\"],\"userName\":[\"æµ‹è¯•\"],\"dept.deptName\":[\"æµ‹è¯•éƒ¨é—¨\"],\"phonenumber\":[\"15666666666\"],\"email\":[\"ry@qq.com\"],\"loginName\":[\"ry\"],\"sex\":[\"1\"],\"role\":[\"2\"],\"remark\":[\"æµ‹è¯•å‘˜\"],\"status\":[\"0\"],\"roleIds\":[\"2\"],\"postIds\":[\"2\"]}','{\r\n  \"msg\" : \"æ“ä½œæˆåŠŸ\",\r\n  \"code\" : 0\r\n}',0,NULL,'2021-06-08 23:18:32'),
(109,'é‡ç½®å¯†ç ',2,'com.ruoyi.web.controller.system.SysUserController.resetPwdSave()','POST',1,'admin','ç ”å‘éƒ¨é—¨','/system/user/resetPwd','127.0.0.1','å†…ç½‘IP','{\"userId\":[\"2\"],\"loginName\":[\"ceshi\"]}','{\r\n  \"msg\" : \"æ“ä½œæˆåŠŸ\",\r\n  \"code\" : 0\r\n}',0,NULL,'2021-06-08 23:20:17'),
(110,'èœå•ç®¡ç†',3,'com.ruoyi.web.controller.system.SysMenuController.remove()','GET',1,'ceshi','æµ‹è¯•éƒ¨é—¨','/system/menu/remove/4','127.0.0.1','å†…ç½‘IP','4','{\r\n  \"msg\" : \"èœå•å·²åˆ†é…,ä¸å…è®¸åˆ é™¤\",\r\n  \"code\" : 301\r\n}',0,NULL,'2021-06-08 23:21:08'),
(111,'èœå•ç®¡ç†',3,'com.ruoyi.web.controller.system.SysMenuController.remove()','GET',1,'ceshi','æµ‹è¯•éƒ¨é—¨','/system/menu/remove/4','127.0.0.1','å†…ç½‘IP','4','{\r\n  \"msg\" : \"èœå•å·²åˆ†é…,ä¸å…è®¸åˆ é™¤\",\r\n  \"code\" : 301\r\n}',0,NULL,'2021-06-08 23:22:09'),
(112,'èœå•ç®¡ç†',2,'com.ruoyi.web.controller.system.SysMenuController.editSave()','POST',1,'admin','ç ”å‘éƒ¨é—¨','/system/menu/edit','127.0.0.1','å†…ç½‘IP','{\"menuId\":[\"4\"],\"parentId\":[\"0\"],\"menuType\":[\"C\"],\"menuName\":[\"æ¼”ç¤ºç¯å¢ƒ\"],\"url\":[\"https://demo.kyee.com.cn/auth_web/new_login\"],\"target\":[\"menuBlank\"],\"perms\":[\"\"],\"orderNum\":[\"4\"],\"icon\":[\"fa fa-location-arrow\"],\"visible\":[\"1\"],\"isRefresh\":[\"1\"]}','{\r\n  \"msg\" : \"æ“ä½œæˆåŠŸ\",\r\n  \"code\" : 0\r\n}',0,NULL,'2021-06-09 08:38:37'),
(113,'ç”¨æˆ·ç®¡ç†',1,'com.ruoyi.web.controller.system.SysUserController.addSave()','POST',1,'admin','ç ”å‘éƒ¨é—¨','/system/user/add','127.0.0.1','å†…ç½‘IP','{\"deptId\":[\"\"],\"userName\":[\"å®æ–½\"],\"deptName\":[\"\"],\"phonenumber\":[\"18888888888\"],\"email\":[\"\"],\"loginName\":[\"shishi\"],\"sex\":[\"0\"],\"role\":[\"2\"],\"remark\":[\"\"],\"status\":[\"0\"],\"roleIds\":[\"2\"],\"postIds\":[\"2\"]}','{\r\n  \"msg\" : \"æ“ä½œæˆåŠŸ\",\r\n  \"code\" : 0\r\n}',0,NULL,'2021-06-09 08:40:01'),
(114,'è§’è‰²ç®¡ç†',1,'com.ruoyi.web.controller.system.SysRoleController.addSave()','POST',1,'admin','ç ”å‘éƒ¨é—¨','/system/role/add','127.0.0.1','å†…ç½‘IP','{\"roleName\":[\"æµ‹è¯•è§’è‰²\"],\"roleKey\":[\"tester\"],\"roleSort\":[\"3\"],\"status\":[\"0\"],\"remark\":[\"æµ‹è¯•äººå‘˜\"],\"menuIds\":[\"1,100,1000,1001,1002,1003,1004,1005,1006,101,1007,1008,1009,1010,1011,102,1012,1013,1014,1015,103,1016,1017,1018,1019,104,1020,1021,1022,1023,1024,105,1025,1026,1027,1028,1029,106,1030,1031,1032,1033,1034,107,1035,1036,1037,1038,108,500,1039,1040,1041,1042,501,1043,1044,1045,1046,2,109,1047,1048,1049,110,1050,1051,1052,1053,1054,1055,1056,111,112,113,3,114,115,1057,1058,1059,1060,1061,116,4\"]}','{\r\n  \"msg\" : \"æ“ä½œæˆåŠŸ\",\r\n  \"code\" : 0\r\n}',0,NULL,'2021-06-09 08:41:32'),
(115,'è§’è‰²ç®¡ç†',2,'com.ruoyi.web.controller.system.SysRoleController.authDataScopeSave()','POST',1,'admin','ç ”å‘éƒ¨é—¨','/system/role/authDataScope','127.0.0.1','å†…ç½‘IP','{\"roleId\":[\"3\"],\"roleName\":[\"æµ‹è¯•è§’è‰²\"],\"roleKey\":[\"tester\"],\"dataScope\":[\"2\"],\"deptIds\":[\"100,101,103,105\"]}','{\r\n  \"msg\" : \"æ“ä½œæˆåŠŸ\",\r\n  \"code\" : 0\r\n}',0,NULL,'2021-06-09 08:43:22'),
(116,'å²—ä½ç®¡ç†',2,'com.ruoyi.web.controller.system.SysPostController.editSave()','POST',1,'admin','ç ”å‘éƒ¨é—¨','/system/post/edit','127.0.0.1','å†…ç½‘IP','{\"postId\":[\"1\"],\"postName\":[\"ç®¡ç†å‘˜\"],\"postCode\":[\"manager\"],\"postSort\":[\"1\"],\"status\":[\"0\"],\"remark\":[\"\"]}','{\r\n  \"msg\" : \"æ“ä½œæˆåŠŸ\",\r\n  \"code\" : 0\r\n}',0,NULL,'2021-06-09 08:44:00'),
(117,'å²—ä½ç®¡ç†',2,'com.ruoyi.web.controller.system.SysPostController.editSave()','POST',1,'admin','ç ”å‘éƒ¨é—¨','/system/post/edit','127.0.0.1','å†…ç½‘IP','{\"postId\":[\"1\"],\"postName\":[\"ç®¡ç†å‘˜\"],\"postCode\":[\"sysmanager\"],\"postSort\":[\"1\"],\"status\":[\"0\"],\"remark\":[\"\"]}','{\r\n  \"msg\" : \"æ“ä½œæˆåŠŸ\",\r\n  \"code\" : 0\r\n}',0,NULL,'2021-06-09 08:44:34'),
(118,'å²—ä½ç®¡ç†',2,'com.ruoyi.web.controller.system.SysPostController.editSave()','POST',1,'admin','ç ”å‘éƒ¨é—¨','/system/post/edit','127.0.0.1','å†…ç½‘IP','{\"postId\":[\"2\"],\"postName\":[\"å®æ–½é¡¹ç›®ç»ç†\"],\"postCode\":[\"ssxmjl\"],\"postSort\":[\"2\"],\"status\":[\"0\"],\"remark\":[\"\"]}','{\r\n  \"msg\" : \"æ“ä½œæˆåŠŸ\",\r\n  \"code\" : 0\r\n}',0,NULL,'2021-06-09 08:47:11'),
(119,'å²—ä½ç®¡ç†',2,'com.ruoyi.web.controller.system.SysPostController.editSave()','POST',1,'admin','ç ”å‘éƒ¨é—¨','/system/post/edit','127.0.0.1','å†…ç½‘IP','{\"postId\":[\"1\"],\"postName\":[\"ç®¡ç†å‘˜\"],\"postCode\":[\"gly\"],\"postSort\":[\"1\"],\"status\":[\"0\"],\"remark\":[\"\"]}','{\r\n  \"msg\" : \"æ“ä½œæˆåŠŸ\",\r\n  \"code\" : 0\r\n}',0,NULL,'2021-06-09 08:47:23'),
(120,'å²—ä½ç®¡ç†',2,'com.ruoyi.web.controller.system.SysPostController.editSave()','POST',1,'admin','ç ”å‘éƒ¨é—¨','/system/post/edit','127.0.0.1','å†…ç½‘IP','{\"postId\":[\"3\"],\"postName\":[\"å®æ–½äººå‘˜\"],\"postCode\":[\"ssry\"],\"postSort\":[\"3\"],\"status\":[\"0\"],\"remark\":[\"\"]}','{\r\n  \"msg\" : \"æ“ä½œæˆåŠŸ\",\r\n  \"code\" : 0\r\n}',0,NULL,'2021-06-09 08:47:41'),
(121,'å²—ä½ç®¡ç†',2,'com.ruoyi.web.controller.system.SysPostController.editSave()','POST',1,'admin','ç ”å‘éƒ¨é—¨','/system/post/edit','127.0.0.1','å†…ç½‘IP','{\"postId\":[\"4\"],\"postName\":[\"æµ‹è¯•äººå‘˜\"],\"postCode\":[\"csry\"],\"postSort\":[\"4\"],\"status\":[\"0\"],\"remark\":[\"\"]}','{\r\n  \"msg\" : \"æ“ä½œæˆåŠŸ\",\r\n  \"code\" : 0\r\n}',0,NULL,'2021-06-09 08:48:06'),
(122,'å²—ä½ç®¡ç†',1,'com.ruoyi.web.controller.system.SysPostController.addSave()','POST',1,'admin','ç ”å‘éƒ¨é—¨','/system/post/add','127.0.0.1','å†…ç½‘IP','{\"postName\":[\"å¼€å‘äººå‘˜\"],\"postCode\":[\"kfry\"],\"postSort\":[\"5\"],\"status\":[\"0\"],\"remark\":[\"\"]}','{\r\n  \"msg\" : \"æ“ä½œæˆåŠŸ\",\r\n  \"code\" : 0\r\n}',0,NULL,'2021-06-09 08:48:55'),
(123,'å‚æ•°ç®¡ç†',2,'com.ruoyi.web.controller.system.SysConfigController.editSave()','POST',1,'admin','ç ”å‘éƒ¨é—¨','/system/config/edit','127.0.0.1','å†…ç½‘IP','{\"configId\":[\"8\"],\"configName\":[\"ä¸»æ¡†æ¶é¡µ-èœå•å¯¼èˆªæ˜¾ç¤ºé£æ ¼\"],\"configKey\":[\"sys.index.menuStyle\"],\"configValue\":[\"topnav\"],\"configType\":[\"Y\"],\"remark\":[\"èœå•å¯¼èˆªæ˜¾ç¤ºé£æ ¼ï¼ˆdefaultä¸ºå·¦ä¾§å¯¼èˆªèœå•ï¼Œtopnavä¸ºé¡¶éƒ¨å¯¼èˆªèœå•ï¼‰\"]}','{\r\n  \"msg\" : \"æ“ä½œæˆåŠŸ\",\r\n  \"code\" : 0\r\n}',0,NULL,'2021-06-09 21:35:41'),
(124,'è§’è‰²ç®¡ç†',2,'com.ruoyi.web.controller.system.SysRoleController.editSave()','POST',1,'admin','ç ”å‘éƒ¨é—¨','/system/role/edit','127.0.0.1','å†…ç½‘IP','{\"roleId\":[\"1\"],\"roleName\":[\"è¶…çº§ç®¡ç†å‘˜\"],\"roleKey\":[\"admin\"],\"roleSort\":[\"1\"],\"status\":[\"0\"],\"remark\":[\"è¶…çº§ç®¡ç†å‘˜\"],\"menuIds\":[\"1,100,1000,1001,1002,1003,1004,1005,1006,101,1007,1008,1009,1010,1011,102,1012,1013,1014,1015,103,1016,1017,1018,1019,104,1020,1021,1022,1023,1024,105,1025,1026,1027,1028,1029,106,1030,1031,1032,1033,1034,107,1035,1036,1037,1038,108,500,1039,1040,1041,1042,501,1043,1044,1045,1046,2,109,1047,1048,1049,110,1050,1051,1052,1053,1054,1055,1056,111,112,113,3,114,115,1057,1058,1059,1060,1061,116,4\"]}',NULL,1,'ä¸å…è®¸æ“ä½œè¶…çº§ç®¡ç†å‘˜è§’è‰²','2021-06-09 21:37:17'),
(125,'ä»£ç ç”Ÿæˆ',6,'com.ruoyi.generator.controller.GenController.importTableSave()','POST',1,'admin','ç ”å‘éƒ¨é—¨','/tool/gen/importTable','127.0.0.1','å†…ç½‘IP','{\"tables\":[\"up_product\"]}','{\r\n  \"msg\" : \"æ“ä½œæˆåŠŸ\",\r\n  \"code\" : 0\r\n}',0,NULL,'2021-06-10 00:04:52'),
(126,'èœå•ç®¡ç†',1,'com.ruoyi.web.controller.system.SysMenuController.addSave()','POST',1,'admin','ç ”å‘éƒ¨é—¨','/system/menu/add','127.0.0.1','å†…ç½‘IP','{\"parentId\":[\"0\"],\"menuType\":[\"M\"],\"menuName\":[\"è¡¥ä¸ç®¡ç†\"],\"url\":[\"\"],\"target\":[\"menuItem\"],\"perms\":[\"\"],\"orderNum\":[\"2\"],\"icon\":[\"fa fa-rocket\"],\"visible\":[\"0\"],\"isRefresh\":[\"1\"]}','{\r\n  \"msg\" : \"æ“ä½œæˆåŠŸ\",\r\n  \"code\" : 0\r\n}',0,NULL,'2021-06-10 00:08:21'),
(127,'èœå•ç®¡ç†',2,'com.ruoyi.web.controller.system.SysMenuController.editSave()','POST',1,'admin','ç ”å‘éƒ¨é—¨','/system/menu/edit','127.0.0.1','å†…ç½‘IP','{\"menuId\":[\"1\"],\"parentId\":[\"0\"],\"menuType\":[\"M\"],\"menuName\":[\"ç³»ç»Ÿç®¡ç†\"],\"url\":[\"#\"],\"target\":[\"menuItem\"],\"perms\":[\"\"],\"orderNum\":[\"10\"],\"icon\":[\"fa fa-gear\"],\"visible\":[\"0\"],\"isRefresh\":[\"1\"]}','{\r\n  \"msg\" : \"æ“ä½œæˆåŠŸ\",\r\n  \"code\" : 0\r\n}',0,NULL,'2021-06-10 00:08:44'),
(128,'èœå•ç®¡ç†',2,'com.ruoyi.web.controller.system.SysMenuController.editSave()','POST',1,'admin','ç ”å‘éƒ¨é—¨','/system/menu/edit','127.0.0.1','å†…ç½‘IP','{\"menuId\":[\"2\"],\"parentId\":[\"0\"],\"menuType\":[\"M\"],\"menuName\":[\"ç³»ç»Ÿç›‘æ§\"],\"url\":[\"#\"],\"target\":[\"menuItem\"],\"perms\":[\"\"],\"orderNum\":[\"90\"],\"icon\":[\"fa fa-video-camera\"],\"visible\":[\"0\"],\"isRefresh\":[\"1\"]}','{\r\n  \"msg\" : \"æ“ä½œæˆåŠŸ\",\r\n  \"code\" : 0\r\n}',0,NULL,'2021-06-10 00:08:54'),
(129,'èœå•ç®¡ç†',2,'com.ruoyi.web.controller.system.SysMenuController.editSave()','POST',1,'admin','ç ”å‘éƒ¨é—¨','/system/menu/edit','127.0.0.1','å†…ç½‘IP','{\"menuId\":[\"1062\"],\"parentId\":[\"0\"],\"menuType\":[\"M\"],\"menuName\":[\"è¡¥ä¸ç®¡ç†\"],\"url\":[\"#\"],\"target\":[\"menuItem\"],\"perms\":[\"\"],\"orderNum\":[\"20\"],\"icon\":[\"fa fa-rocket\"],\"visible\":[\"0\"],\"isRefresh\":[\"1\"]}','{\r\n  \"msg\" : \"æ“ä½œæˆåŠŸ\",\r\n  \"code\" : 0\r\n}',0,NULL,'2021-06-10 00:09:03'),
(130,'èœå•ç®¡ç†',2,'com.ruoyi.web.controller.system.SysMenuController.editSave()','POST',1,'admin','ç ”å‘éƒ¨é—¨','/system/menu/edit','127.0.0.1','å†…ç½‘IP','{\"menuId\":[\"3\"],\"parentId\":[\"0\"],\"menuType\":[\"M\"],\"menuName\":[\"ç³»ç»Ÿå·¥å…·\"],\"url\":[\"#\"],\"target\":[\"menuItem\"],\"perms\":[\"\"],\"orderNum\":[\"30\"],\"icon\":[\"fa fa-bars\"],\"visible\":[\"0\"],\"isRefresh\":[\"1\"]}','{\r\n  \"msg\" : \"æ“ä½œæˆåŠŸ\",\r\n  \"code\" : 0\r\n}',0,NULL,'2021-06-10 00:09:13'),
(131,'èœå•ç®¡ç†',2,'com.ruoyi.web.controller.system.SysMenuController.editSave()','POST',1,'admin','ç ”å‘éƒ¨é—¨','/system/menu/edit','127.0.0.1','å†…ç½‘IP','{\"menuId\":[\"4\"],\"parentId\":[\"0\"],\"menuType\":[\"C\"],\"menuName\":[\"æ¼”ç¤ºç¯å¢ƒ\"],\"url\":[\"https://demo.kyee.com.cn/auth_web/new_login\"],\"target\":[\"menuBlank\"],\"perms\":[\"\"],\"orderNum\":[\"40\"],\"icon\":[\"fa fa-location-arrow\"],\"visible\":[\"1\"],\"isRefresh\":[\"1\"]}','{\r\n  \"msg\" : \"æ“ä½œæˆåŠŸ\",\r\n  \"code\" : 0\r\n}',0,NULL,'2021-06-10 00:09:23'),
(132,'èœå•ç®¡ç†',1,'com.ruoyi.web.controller.system.SysMenuController.addSave()','POST',1,'admin','ç ”å‘éƒ¨é—¨','/system/menu/add','127.0.0.1','å†…ç½‘IP','{\"parentId\":[\"0\"],\"menuType\":[\"C\"],\"menuName\":[\"äº§å“ç®¡ç†\"],\"url\":[\"\"],\"target\":[\"menuItem\"],\"perms\":[\"\"],\"orderNum\":[\"1\"],\"icon\":[\"\"],\"visible\":[\"0\"],\"isRefresh\":[\"1\"]}','{\r\n  \"msg\" : \"æ“ä½œæˆåŠŸ\",\r\n  \"code\" : 0\r\n}',0,NULL,'2021-06-10 00:09:55'),
(133,'èœå•ç®¡ç†',3,'com.ruoyi.web.controller.system.SysMenuController.remove()','GET',1,'admin','ç ”å‘éƒ¨é—¨','/system/menu/remove/1063','127.0.0.1','å†…ç½‘IP','1063','{\r\n  \"msg\" : \"æ“ä½œæˆåŠŸ\",\r\n  \"code\" : 0\r\n}',0,NULL,'2021-06-10 00:10:31'),
(134,'èœå•ç®¡ç†',1,'com.ruoyi.web.controller.system.SysMenuController.addSave()','POST',1,'admin','ç ”å‘éƒ¨é—¨','/system/menu/add','127.0.0.1','å†…ç½‘IP','{\"parentId\":[\"1062\"],\"menuType\":[\"C\"],\"menuName\":[\"äº§å“ç®¡ç†\"],\"url\":[\"\"],\"target\":[\"menuItem\"],\"perms\":[\"\"],\"orderNum\":[\"10\"],\"icon\":[\"\"],\"visible\":[\"0\"],\"isRefresh\":[\"1\"]}','{\r\n  \"msg\" : \"æ“ä½œæˆåŠŸ\",\r\n  \"code\" : 0\r\n}',0,NULL,'2021-06-10 00:11:02'),
(135,'èœå•ç®¡ç†',3,'com.ruoyi.web.controller.system.SysMenuController.remove()','GET',1,'admin','ç ”å‘éƒ¨é—¨','/system/menu/remove/1064','127.0.0.1','å†…ç½‘IP','1064','{\r\n  \"msg\" : \"æ“ä½œæˆåŠŸ\",\r\n  \"code\" : 0\r\n}',0,NULL,'2021-06-10 00:12:02'),
(136,'ä»£ç ç”Ÿæˆ',2,'com.ruoyi.generator.controller.GenController.editSave()','POST',1,'admin','ç ”å‘éƒ¨é—¨','/tool/gen/edit','127.0.0.1','å†…ç½‘IP','{\"tableId\":[\"1\"],\"tableName\":[\"up_product\"],\"tableComment\":[\"äº§å“è¡¨\"],\"className\":[\"UpProduct\"],\"functionAuthor\":[\"lijunqiang\"],\"remark\":[\"\"],\"columns[0].columnId\":[\"1\"],\"columns[0].sort\":[\"1\"],\"columns[0].columnComment\":[\"äº§å“ID\"],\"columns[0].javaType\":[\"Integer\"],\"columns[0].javaField\":[\"productId\"],\"columns[0].isInsert\":[\"1\"],\"columns[0].queryType\":[\"EQ\"],\"columns[0].htmlType\":[\"input\"],\"columns[0].dictType\":[\"\"],\"columns[1].columnId\":[\"2\"],\"columns[1].sort\":[\"2\"],\"columns[1].columnComment\":[\"äº§å“å\"],\"columns[1].javaType\":[\"String\"],\"columns[1].javaField\":[\"productName\"],\"columns[1].isInsert\":[\"1\"],\"columns[1].isEdit\":[\"1\"],\"columns[1].isList\":[\"1\"],\"columns[1].isQuery\":[\"1\"],\"columns[1].queryType\":[\"LIKE\"],\"columns[1].isRequired\":[\"1\"],\"columns[1].htmlType\":[\"input\"],\"columns[1].dictType\":[\"\"],\"columns[2].columnId\":[\"3\"],\"columns[2].sort\":[\"3\"],\"columns[2].columnComment\":[\"äº§å“å¤‡æ³¨\"],\"columns[2].javaType\":[\"String\"],\"columns[2].javaField\":[\"memo\"],\"columns[2].isInsert\":[\"1\"],\"columns[2].isEdit\":[\"1\"],\"columns[2].isList\":[\"1\"],\"columns[2].isQuery\":[\"1\"],\"columns[2].queryType\":[\"EQ\"],\"columns[2].htmlType\":[\"input\"],\"columns[2].dictType\":[\"\"],\"tplCategory\":[\"crud\"],\"packageName\":[\"com.kyee.upgrade\"],\"moduleName\":[\"upgrade\"],\"businessName\":[\"product\"],\"functionName\":[\"äº§å“ç®¡ç†\"],\"params[parentMenuId]\":[\"1062\"],\"params[parentMenuName]\":[\"è¡¥ä¸ç®¡ç†\"],\"genType\":[\"0\"],\"genPath\":[\"/\"],\"subTableName\":[\"\"],\"params[treeCode]\":[\"\"],\"params[treeParentCode]\":[\"\"],\"params[treeName]\":[\"\"]}','{\r\n  \"msg\" : \"æ“ä½œæˆåŠŸ\",\r\n  \"code\" : 0\r\n}',0,NULL,'2021-06-10 00:12:29'),
(137,'ä»£ç ç”Ÿæˆ',8,'com.ruoyi.generator.controller.GenController.download()','GET',1,'admin','ç ”å‘éƒ¨é—¨','/tool/gen/download/up_product','127.0.0.1','å†…ç½‘IP','\"up_product\"',NULL,0,NULL,'2021-06-10 00:12:44'),
(138,'äº§å“',1,'com.kyee.upgrade.controller.UpProductController.addSave()','POST',1,'admin','ç ”å‘éƒ¨é—¨','/upgrade/product/add','127.0.0.1','å†…ç½‘IP','{\"productName\":[\"äº‘HIS\"],\"memo\":[\"äº‘HISç³»ç»Ÿ-HIS\"]}','{\r\n  \"msg\" : \"æ“ä½œæˆåŠŸ\",\r\n  \"code\" : 0\r\n}',0,NULL,'2021-06-10 00:54:08'),
(139,'ä»£ç ç”Ÿæˆ',6,'com.ruoyi.generator.controller.GenController.importTableSave()','POST',1,'admin','ç ”å‘éƒ¨é—¨','/tool/gen/importTable','127.0.0.1','å†…ç½‘IP','{\"tables\":[\"up_project\"]}','{\r\n  \"msg\" : \"æ“ä½œæˆåŠŸ\",\r\n  \"code\" : 0\r\n}',0,NULL,'2021-06-10 00:54:44'),
(140,'ä»£ç ç”Ÿæˆ',2,'com.ruoyi.generator.controller.GenController.editSave()','POST',1,'admin','ç ”å‘éƒ¨é—¨','/tool/gen/edit','127.0.0.1','å†…ç½‘IP','{\"tableId\":[\"2\"],\"tableName\":[\"up_project\"],\"tableComment\":[\"é¡¹ç›®è¡¨\"],\"className\":[\"UpProject\"],\"functionAuthor\":[\"lijunqiang\"],\"remark\":[\"\"],\"columns[0].columnId\":[\"4\"],\"columns[0].sort\":[\"1\"],\"columns[0].columnComment\":[\"é¡¹ç›®ID\"],\"columns[0].javaType\":[\"Integer\"],\"columns[0].javaField\":[\"projectId\"],\"columns[0].isInsert\":[\"1\"],\"columns[0].queryType\":[\"EQ\"],\"columns[0].htmlType\":[\"input\"],\"columns[0].dictType\":[\"\"],\"columns[1].columnId\":[\"5\"],\"columns[1].sort\":[\"2\"],\"columns[1].columnComment\":[\"é¡¹ç›®å\"],\"columns[1].javaType\":[\"String\"],\"columns[1].javaField\":[\"projectName\"],\"columns[1].isInsert\":[\"1\"],\"columns[1].isEdit\":[\"1\"],\"columns[1].isList\":[\"1\"],\"columns[1].isQuery\":[\"1\"],\"columns[1].queryType\":[\"LIKE\"],\"columns[1].isRequired\":[\"1\"],\"columns[1].htmlType\":[\"input\"],\"columns[1].dictType\":[\"\"],\"tplCategory\":[\"crud\"],\"packageName\":[\"com.kyee.upgrade\"],\"moduleName\":[\"upgrade\"],\"businessName\":[\"project\"],\"functionName\":[\"é¡¹ç›®\"],\"params[parentMenuId]\":[\"1062\"],\"params[parentMenuName]\":[\"è¡¥ä¸ç®¡ç†\"],\"genType\":[\"0\"],\"genPath\":[\"/\"],\"subTableName\":[\"\"],\"params[treeCode]\":[\"\"],\"params[treeParentCode]\":[\"\"],\"params[treeName]\":[\"\"]}','{\r\n  \"msg\" : \"æ“ä½œæˆåŠŸ\",\r\n  \"code\" : 0\r\n}',0,NULL,'2021-06-10 00:55:43'),
(141,'ä»£ç ç”Ÿæˆ',8,'com.ruoyi.generator.controller.GenController.download()','GET',1,'admin','ç ”å‘éƒ¨é—¨','/tool/gen/download/up_project','127.0.0.1','å†…ç½‘IP','\"up_project\"',NULL,0,NULL,'2021-06-10 00:55:52'),
(142,'èœå•ç®¡ç†',2,'com.ruoyi.web.controller.system.SysMenuController.editSave()','POST',1,'admin','ç ”å‘éƒ¨é—¨','/system/menu/edit','127.0.0.1','å†…ç½‘IP','{\"menuId\":[\"1066\"],\"parentId\":[\"1065\"],\"menuType\":[\"F\"],\"menuName\":[\"äº§å“æŸ¥è¯¢\"],\"url\":[\"#\"],\"target\":[\"menuItem\"],\"perms\":[\"upgrade:product:list\"],\"orderNum\":[\"1\"],\"icon\":[\"#\"],\"visible\":[\"0\"],\"isRefresh\":[\"1\"]}','{\r\n  \"msg\" : \"æ“ä½œæˆåŠŸ\",\r\n  \"code\" : 0\r\n}',0,NULL,'2021-06-10 00:58:21'),
(143,'èœå•ç®¡ç†',2,'com.ruoyi.web.controller.system.SysMenuController.editSave()','POST',1,'admin','ç ”å‘éƒ¨é—¨','/system/menu/edit','127.0.0.1','å†…ç½‘IP','{\"menuId\":[\"1067\"],\"parentId\":[\"1065\"],\"menuType\":[\"F\"],\"menuName\":[\"äº§å“æ–°å¢\"],\"url\":[\"#\"],\"target\":[\"menuItem\"],\"perms\":[\"upgrade:product:add\"],\"orderNum\":[\"2\"],\"icon\":[\"#\"],\"visible\":[\"0\"],\"isRefresh\":[\"1\"]}','{\r\n  \"msg\" : \"æ“ä½œæˆåŠŸ\",\r\n  \"code\" : 0\r\n}',0,NULL,'2021-06-10 00:58:35'),
(144,'èœå•ç®¡ç†',2,'com.ruoyi.web.controller.system.SysMenuController.editSave()','POST',1,'admin','ç ”å‘éƒ¨é—¨','/system/menu/edit','127.0.0.1','å†…ç½‘IP','{\"menuId\":[\"1068\"],\"parentId\":[\"1065\"],\"menuType\":[\"F\"],\"menuName\":[\"äº§å“ä¿®æ”¹\"],\"url\":[\"#\"],\"target\":[\"menuItem\"],\"perms\":[\"upgrade:product:edit\"],\"orderNum\":[\"3\"],\"icon\":[\"#\"],\"visible\":[\"0\"],\"isRefresh\":[\"1\"]}','{\r\n  \"msg\" : \"æ“ä½œæˆåŠŸ\",\r\n  \"code\" : 0\r\n}',0,NULL,'2021-06-10 00:58:47'),
(145,'èœå•ç®¡ç†',2,'com.ruoyi.web.controller.system.SysMenuController.editSave()','POST',1,'admin','ç ”å‘éƒ¨é—¨','/system/menu/edit','127.0.0.1','å†…ç½‘IP','{\"menuId\":[\"1069\"],\"parentId\":[\"1065\"],\"menuType\":[\"F\"],\"menuName\":[\"äº§å“åˆ é™¤\"],\"url\":[\"#\"],\"target\":[\"menuItem\"],\"perms\":[\"upgrade:product:remove\"],\"orderNum\":[\"4\"],\"icon\":[\"#\"],\"visible\":[\"0\"],\"isRefresh\":[\"1\"]}','{\r\n  \"msg\" : \"æ“ä½œæˆåŠŸ\",\r\n  \"code\" : 0\r\n}',0,NULL,'2021-06-10 00:58:56'),
(146,'èœå•ç®¡ç†',2,'com.ruoyi.web.controller.system.SysMenuController.editSave()','POST',1,'admin','ç ”å‘éƒ¨é—¨','/system/menu/edit','127.0.0.1','å†…ç½‘IP','{\"menuId\":[\"1070\"],\"parentId\":[\"1065\"],\"menuType\":[\"F\"],\"menuName\":[\"äº§å“å¯¼å‡º\"],\"url\":[\"#\"],\"target\":[\"menuItem\"],\"perms\":[\"upgrade:product:export\"],\"orderNum\":[\"5\"],\"icon\":[\"#\"],\"visible\":[\"0\"],\"isRefresh\":[\"1\"]}','{\r\n  \"msg\" : \"æ“ä½œæˆåŠŸ\",\r\n  \"code\" : 0\r\n}',0,NULL,'2021-06-10 00:59:05'),
(147,'èœå•ç®¡ç†',2,'com.ruoyi.web.controller.system.SysMenuController.editSave()','POST',1,'admin','ç ”å‘éƒ¨é—¨','/system/menu/edit','127.0.0.1','å†…ç½‘IP','{\"menuId\":[\"1071\"],\"parentId\":[\"1062\"],\"menuType\":[\"C\"],\"menuName\":[\"é¡¹ç›®ç®¡ç†\"],\"url\":[\"/upgrade/project\"],\"target\":[\"menuItem\"],\"perms\":[\"upgrade:project:view\"],\"orderNum\":[\"1\"],\"icon\":[\"#\"],\"visible\":[\"0\"],\"isRefresh\":[\"1\"]}','{\r\n  \"msg\" : \"æ“ä½œæˆåŠŸ\",\r\n  \"code\" : 0\r\n}',0,NULL,'2021-06-10 00:59:16'),
(148,'é¡¹ç›®',1,'com.kyee.upgrade.controller.UpProjectController.addSave()','POST',1,'admin','ç ”å‘éƒ¨é—¨','/upgrade/project/add','127.0.0.1','å†…ç½‘IP','{\"projectName\":[\"é˜³è¥¿HIS\"]}','{\r\n  \"msg\" : \"æ“ä½œæˆåŠŸ\",\r\n  \"code\" : 0\r\n}',0,NULL,'2021-06-10 01:00:06'),
(149,'ä»£ç ç”Ÿæˆ',6,'com.ruoyi.generator.controller.GenController.importTableSave()','POST',1,'admin','ç ”å‘éƒ¨é—¨','/tool/gen/importTable','127.0.0.1','å†…ç½‘IP','{\"tables\":[\"up_project_product\"]}','{\r\n  \"msg\" : \"æ“ä½œæˆåŠŸ\",\r\n  \"code\" : 0\r\n}',0,NULL,'2021-06-10 01:01:43'),
(150,'ä»£ç ç”Ÿæˆ',2,'com.ruoyi.generator.controller.GenController.editSave()','POST',1,'admin','ç ”å‘éƒ¨é—¨','/tool/gen/edit','127.0.0.1','å†…ç½‘IP','{\"tableId\":[\"3\"],\"tableName\":[\"up_project_product\"],\"tableComment\":[\"é¡¹ç›®äº§å“è¡¨\"],\"className\":[\"UpProjectProduct\"],\"functionAuthor\":[\"lijunqiang\"],\"remark\":[\"\"],\"columns[0].columnId\":[\"6\"],\"columns[0].sort\":[\"1\"],\"columns[0].columnComment\":[\"é¡¹ç›®äº§å“ID\"],\"columns[0].javaType\":[\"Integer\"],\"columns[0].javaField\":[\"projectProductId\"],\"columns[0].isInsert\":[\"1\"],\"columns[0].queryType\":[\"EQ\"],\"columns[0].htmlType\":[\"input\"],\"columns[0].dictType\":[\"\"],\"columns[1].columnId\":[\"7\"],\"columns[1].sort\":[\"2\"],\"columns[1].columnComment\":[\"é¡¹ç›®ID\"],\"columns[1].javaType\":[\"Integer\"],\"columns[1].javaField\":[\"projectId\"],\"columns[1].isInsert\":[\"1\"],\"columns[1].isEdit\":[\"1\"],\"columns[1].isList\":[\"1\"],\"columns[1].isQuery\":[\"1\"],\"columns[1].queryType\":[\"EQ\"],\"columns[1].isRequired\":[\"1\"],\"columns[1].htmlType\":[\"select\"],\"columns[1].dictType\":[\"\"],\"columns[2].columnId\":[\"8\"],\"columns[2].sort\":[\"3\"],\"columns[2].columnComment\":[\"äº§å“ID\"],\"columns[2].javaType\":[\"Integer\"],\"columns[2].javaField\":[\"productId\"],\"columns[2].isInsert\":[\"1\"],\"columns[2].isEdit\":[\"1\"],\"columns[2].isList\":[\"1\"],\"columns[2].isQuery\":[\"1\"],\"columns[2].queryType\":[\"EQ\"],\"columns[2].isRequired\":[\"1\"],\"columns[2].htmlType\":[\"select\"],\"columns[2].dictType\":[\"\"],\"columns[3].columnId\":[\"9\"],\"columns[3].sort\":[\"4\"],\"columns[3].columnComment\":[\"é¡¹ç›®ä»£ç åˆ†æ”¯\"],\"columns[3].javaType\":[\"String\"],\"columns[3].javaField\":[\"sourceBranchName\"],\"columns[3].isInsert\":[\"1\"],\"columns[3].isEdit\":[\"1\"],\"columns[3].isList\":[\"1\"],\"columns[3].isQuery\":[\"1\"],\"columns[3].queryType\":[\"LIKE\"],\"columns[3].isRequired\":[\"1\"],\"columns[3].htmlType\":[\"input\"],\"columns[3].dictType\":[\"\"],\"columns[4].columnId\":[\"10\"],\"columns[4].sort\":[\"5\"],\"columns[4].columnComment\":[\"æ•°æ®åº“ç‰ˆæœ¬\"],\"columns[4].javaType\":[\"String\"],\"columns[4].javaField\":[\"dbVersion\"],\"columns[4].isEdit\":[\"1\"],\"columns[4].isList\":[\"1\"],\"columns[4].queryType\":[\"EQ\"],\"columns[4].htmlType\":[\"input\"],\"columns[4].dictType\":[\"\"],\"columns[5].columnId\":[\"11\"],\"columns[5].sort\":[\"6\"],\"columns[5].columnComment\":[\"æœ€å°æœåŠ¡ç‰ˆæœ¬\"],','{\r\n  \"msg\" : \"æ“ä½œæˆåŠŸ\",\r\n  \"code\" : 0\r\n}',0,NULL,'2021-06-10 01:05:31'),
(151,'ä»£ç ç”Ÿæˆ',2,'com.ruoyi.generator.controller.GenController.editSave()','POST',1,'admin','ç ”å‘éƒ¨é—¨','/tool/gen/edit','127.0.0.1','å†…ç½‘IP','{\"tableId\":[\"3\"],\"tableName\":[\"up_project_product\"],\"tableComment\":[\"é¡¹ç›®äº§å“è¡¨\"],\"className\":[\"UpProjectProduct\"],\"functionAuthor\":[\"lijunqiang\"],\"remark\":[\"\"],\"columns[0].columnId\":[\"6\"],\"columns[0].sort\":[\"1\"],\"columns[0].columnComment\":[\"é¡¹ç›®äº§å“ID\"],\"columns[0].javaType\":[\"Integer\"],\"columns[0].javaField\":[\"projectProductId\"],\"columns[0].isInsert\":[\"1\"],\"columns[0].queryType\":[\"EQ\"],\"columns[0].htmlType\":[\"input\"],\"columns[0].dictType\":[\"\"],\"columns[1].columnId\":[\"7\"],\"columns[1].sort\":[\"2\"],\"columns[1].columnComment\":[\"é¡¹ç›®ID\"],\"columns[1].javaType\":[\"Integer\"],\"columns[1].javaField\":[\"projectId\"],\"columns[1].isInsert\":[\"1\"],\"columns[1].isEdit\":[\"1\"],\"columns[1].isList\":[\"1\"],\"columns[1].isQuery\":[\"1\"],\"columns[1].queryType\":[\"EQ\"],\"columns[1].isRequired\":[\"1\"],\"columns[1].htmlType\":[\"select\"],\"columns[1].dictType\":[\"\"],\"columns[2].columnId\":[\"8\"],\"columns[2].sort\":[\"3\"],\"columns[2].columnComment\":[\"äº§å“ID\"],\"columns[2].javaType\":[\"Integer\"],\"columns[2].javaField\":[\"productId\"],\"columns[2].isInsert\":[\"1\"],\"columns[2].isEdit\":[\"1\"],\"columns[2].isList\":[\"1\"],\"columns[2].isQuery\":[\"1\"],\"columns[2].queryType\":[\"EQ\"],\"columns[2].isRequired\":[\"1\"],\"columns[2].htmlType\":[\"select\"],\"columns[2].dictType\":[\"\"],\"columns[3].columnId\":[\"9\"],\"columns[3].sort\":[\"4\"],\"columns[3].columnComment\":[\"é¡¹ç›®ä»£ç åˆ†æ”¯\"],\"columns[3].javaType\":[\"String\"],\"columns[3].javaField\":[\"sourceBranchName\"],\"columns[3].isInsert\":[\"1\"],\"columns[3].isEdit\":[\"1\"],\"columns[3].isList\":[\"1\"],\"columns[3].isQuery\":[\"1\"],\"columns[3].queryType\":[\"LIKE\"],\"columns[3].isRequired\":[\"1\"],\"columns[3].htmlType\":[\"input\"],\"columns[3].dictType\":[\"\"],\"columns[4].columnId\":[\"10\"],\"columns[4].sort\":[\"5\"],\"columns[4].columnComment\":[\"æ•°æ®åº“ç‰ˆæœ¬\"],\"columns[4].javaType\":[\"String\"],\"columns[4].javaField\":[\"dbVersion\"],\"columns[4].isEdit\":[\"1\"],\"columns[4].isList\":[\"1\"],\"columns[4].queryType\":[\"EQ\"],\"columns[4].htmlType\":[\"input\"],\"columns[4].dictType\":[\"\"],\"columns[5].columnId\":[\"11\"],\"columns[5].sort\":[\"6\"],\"columns[5].columnComment\":[\"æœ€å°æœåŠ¡ç‰ˆæœ¬\"],','{\r\n  \"msg\" : \"æ“ä½œæˆåŠŸ\",\r\n  \"code\" : 0\r\n}',0,NULL,'2021-06-10 01:09:13'),
(152,'ä»£ç ç”Ÿæˆ',8,'com.ruoyi.generator.controller.GenController.batchGenCode()','GET',1,'admin','ç ”å‘éƒ¨é—¨','/tool/gen/batchGenCode','127.0.0.1','å†…ç½‘IP','{\"tables\":[\"up_project_product\"]}',NULL,0,NULL,'2021-06-10 01:09:18'),
(153,'ä»£ç ç”Ÿæˆ',2,'com.ruoyi.generator.controller.GenController.editSave()','POST',1,'admin','ç ”å‘éƒ¨é—¨','/tool/gen/edit','127.0.0.1','å†…ç½‘IP','{\"tableId\":[\"3\"],\"tableName\":[\"up_project_product\"],\"tableComment\":[\"é¡¹ç›®äº§å“è¡¨\"],\"className\":[\"UpProjectProduct\"],\"functionAuthor\":[\"lijunqiang\"],\"remark\":[\"\"],\"columns[0].columnId\":[\"6\"],\"columns[0].sort\":[\"1\"],\"columns[0].columnComment\":[\"é¡¹ç›®äº§å“ID\"],\"columns[0].javaType\":[\"Integer\"],\"columns[0].javaField\":[\"projectProductId\"],\"columns[0].isInsert\":[\"1\"],\"columns[0].queryType\":[\"EQ\"],\"columns[0].htmlType\":[\"input\"],\"columns[0].dictType\":[\"\"],\"columns[1].columnId\":[\"7\"],\"columns[1].sort\":[\"2\"],\"columns[1].columnComment\":[\"é¡¹ç›®ID\"],\"columns[1].javaType\":[\"Integer\"],\"columns[1].javaField\":[\"projectId\"],\"columns[1].isInsert\":[\"1\"],\"columns[1].isEdit\":[\"1\"],\"columns[1].isList\":[\"1\"],\"columns[1].isQuery\":[\"1\"],\"columns[1].queryType\":[\"EQ\"],\"columns[1].isRequired\":[\"1\"],\"columns[1].htmlType\":[\"select\"],\"columns[1].dictType\":[\"sys_oper_type\"],\"columns[2].columnId\":[\"8\"],\"columns[2].sort\":[\"3\"],\"columns[2].columnComment\":[\"äº§å“ID\"],\"columns[2].javaType\":[\"Integer\"],\"columns[2].javaField\":[\"productId\"],\"columns[2].isInsert\":[\"1\"],\"columns[2].isEdit\":[\"1\"],\"columns[2].isList\":[\"1\"],\"columns[2].isQuery\":[\"1\"],\"columns[2].queryType\":[\"EQ\"],\"columns[2].isRequired\":[\"1\"],\"columns[2].htmlType\":[\"select\"],\"columns[2].dictType\":[\"sys_notice_type\"],\"columns[3].columnId\":[\"9\"],\"columns[3].sort\":[\"4\"],\"columns[3].columnComment\":[\"é¡¹ç›®ä»£ç åˆ†æ”¯\"],\"columns[3].javaType\":[\"String\"],\"columns[3].javaField\":[\"sourceBranchName\"],\"columns[3].isInsert\":[\"1\"],\"columns[3].isEdit\":[\"1\"],\"columns[3].isList\":[\"1\"],\"columns[3].isQuery\":[\"1\"],\"columns[3].queryType\":[\"LIKE\"],\"columns[3].isRequired\":[\"1\"],\"columns[3].htmlType\":[\"input\"],\"columns[3].dictType\":[\"\"],\"columns[4].columnId\":[\"10\"],\"columns[4].sort\":[\"5\"],\"columns[4].columnComment\":[\"æ•°æ®åº“ç‰ˆæœ¬\"],\"columns[4].javaType\":[\"String\"],\"columns[4].javaField\":[\"dbVersion\"],\"columns[4].isEdit\":[\"1\"],\"columns[4].isList\":[\"1\"],\"columns[4].queryType\":[\"EQ\"],\"columns[4].htmlType\":[\"input\"],\"columns[4].dictType\":[\"\"],\"columns[5].columnId\":[\"11\"],\"columns[5].sort\":[\"6\"],\"columns[5','{\r\n  \"msg\" : \"æ“ä½œæˆåŠŸ\",\r\n  \"code\" : 0\r\n}',0,NULL,'2021-06-10 12:41:48'),
(154,'ä»£ç ç”Ÿæˆ',8,'com.ruoyi.generator.controller.GenController.genCode()','GET',1,'admin','ç ”å‘éƒ¨é—¨','/tool/gen/genCode/up_project_product','127.0.0.1','å†…ç½‘IP','\"up_project_product\"','{\r\n  \"msg\" : \"æ“ä½œæˆåŠŸ\",\r\n  \"code\" : 0\r\n}',0,NULL,'2021-06-10 12:41:52'),
(155,'é¡¹ç›®äº§å“',2,'com.kyee.upgrade.controller.UpProjectProductController.editSave()','POST',1,'admin','ç ”å‘éƒ¨é—¨','/upgrade/projectProduct/edit','127.0.0.1','å†…ç½‘IP','{\"projectProductId\":[\"1\"],\"projectId\":[\"1\"],\"productId\":[\"1\"],\"sourceBranchName\":[\"project/master/yangxi\"],\"dbVersion\":[\"\"],\"minServerVersion\":[\"\"],\"maxServerVersion\":[\"\"],\"lastUpgradeTime\":[\"\"]}','{\r\n  \"msg\" : \"æ“ä½œæˆåŠŸ\",\r\n  \"code\" : 0\r\n}',0,NULL,'2021-06-10 13:52:10'),
(156,'é¡¹ç›®äº§å“',1,'com.kyee.upgrade.controller.UpProjectProductController.addSave()','POST',1,'admin','ç ”å‘éƒ¨é—¨','/upgrade/projectProduct/add','127.0.0.1','å†…ç½‘IP','{\"projectId\":[\"1\"],\"productId\":[\"1\"],\"sourceBranchName\":[\"aaa\"]}',NULL,1,'\r\n### Error updating database.  Cause: java.sql.SQLIntegrityConstraintViolationException: Duplicate entry \'1-1\' for key \'UNIDX_Project_Product\'\r\n### The error may exist in file [E:\\git_repository\\LAWU\\RuoYi\\ruoyi-admin\\target\\classes\\mapper\\upgrade\\UpProjectProductMapper.xml]\r\n### The error may involve com.kyee.upgrade.mapper.UpProjectProductMapper.insertUpProjectProduct-Inline\r\n### The error occurred while setting parameters\r\n### SQL: insert into up_project_product          ( project_id,             product_id,             source_branch_name )           values ( ?,             ?,             ? )\r\n### Cause: java.sql.SQLIntegrityConstraintViolationException: Duplicate entry \'1-1\' for key \'UNIDX_Project_Product\'\n; Duplicate entry \'1-1\' for key \'UNIDX_Project_Product\'; nested exception is java.sql.SQLIntegrityConstraintViolationException: Duplicate entry \'1-1\' for key \'UNIDX_Project_Product\'','2021-06-10 22:34:32'),
(157,'é¡¹ç›®äº§å“',1,'com.kyee.upgrade.controller.UpProjectProductController.addSave()','POST',1,'admin','ç ”å‘éƒ¨é—¨','/upgrade/projectProduct/add','127.0.0.1','å†…ç½‘IP','{\"projectId\":[\"1\"],\"productId\":[\"1\"],\"sourceBranchName\":[\"aaa\"]}',NULL,1,'\r\n### Error updating database.  Cause: java.sql.SQLIntegrityConstraintViolationException: Duplicate entry \'1-1\' for key \'UNIDX_Project_Product\'\r\n### The error may exist in file [E:\\git_repository\\LAWU\\RuoYi\\ruoyi-admin\\target\\classes\\mapper\\upgrade\\UpProjectProductMapper.xml]\r\n### The error may involve com.kyee.upgrade.mapper.UpProjectProductMapper.insertUpProjectProduct-Inline\r\n### The error occurred while setting parameters\r\n### SQL: insert into up_project_product          ( project_id,             product_id,             source_branch_name )           values ( ?,             ?,             ? )\r\n### Cause: java.sql.SQLIntegrityConstraintViolationException: Duplicate entry \'1-1\' for key \'UNIDX_Project_Product\'\n; Duplicate entry \'1-1\' for key \'UNIDX_Project_Product\'; nested exception is java.sql.SQLIntegrityConstraintViolationException: Duplicate entry \'1-1\' for key \'UNIDX_Project_Product\'','2021-06-10 22:34:38'),
(158,'ä»£ç ç”Ÿæˆ',6,'com.ruoyi.generator.controller.GenController.importTableSave()','POST',1,'admin','ç ”å‘éƒ¨é—¨','/tool/gen/importTable','127.0.0.1','å†…ç½‘IP','{\"tables\":[\"up_project_server\"]}','{\r\n  \"msg\" : \"æ“ä½œæˆåŠŸ\",\r\n  \"code\" : 0\r\n}',0,NULL,'2021-06-10 22:40:50'),
(159,'ä»£ç ç”Ÿæˆ',2,'com.ruoyi.generator.controller.GenController.synchDb()','GET',1,'admin','ç ”å‘éƒ¨é—¨','/tool/gen/synchDb/up_project_server','127.0.0.1','å†…ç½‘IP','\"up_project_server\"','{\r\n  \"msg\" : \"æ“ä½œæˆåŠŸ\",\r\n  \"code\" : 0\r\n}',0,NULL,'2021-06-10 22:43:51'),
(160,'ä»£ç ç”Ÿæˆ',2,'com.ruoyi.generator.controller.GenController.synchDb()','GET',1,'admin','ç ”å‘éƒ¨é—¨','/tool/gen/synchDb/up_project_server','127.0.0.1','å†…ç½‘IP','\"up_project_server\"','{\r\n  \"msg\" : \"æ“ä½œæˆåŠŸ\",\r\n  \"code\" : 0\r\n}',0,NULL,'2021-06-10 22:45:54'),
(161,'ä»£ç ç”Ÿæˆ',3,'com.ruoyi.generator.controller.GenController.remove()','POST',1,'admin','ç ”å‘éƒ¨é—¨','/tool/gen/remove','127.0.0.1','å†…ç½‘IP','{\"ids\":[\"4\"]}','{\r\n  \"msg\" : \"æ“ä½œæˆåŠŸ\",\r\n  \"code\" : 0\r\n}',0,NULL,'2021-06-10 22:46:02'),
(162,'ä»£ç ç”Ÿæˆ',6,'com.ruoyi.generator.controller.GenController.importTableSave()','POST',1,'admin','ç ”å‘éƒ¨é—¨','/tool/gen/importTable','127.0.0.1','å†…ç½‘IP','{\"tables\":[\"up_project_server\"]}','{\r\n  \"msg\" : \"æ“ä½œæˆåŠŸ\",\r\n  \"code\" : 0\r\n}',0,NULL,'2021-06-10 22:48:59'),
(163,'ä»£ç ç”Ÿæˆ',2,'com.ruoyi.generator.controller.GenController.editSave()','POST',1,'admin','ç ”å‘éƒ¨é—¨','/tool/gen/edit','127.0.0.1','å†…ç½‘IP','{\"tableId\":[\"5\"],\"tableName\":[\"up_project_server\"],\"tableComment\":[\"é¡¹ç›®åº”ç”¨æœåŠ¡è¡¨\"],\"className\":[\"UpProjectServer\"],\"functionAuthor\":[\"lijunqiang\"],\"remark\":[\"\"],\"columns[0].columnId\":[\"20\"],\"columns[0].sort\":[\"1\"],\"columns[0].columnComment\":[\"æœåŠ¡ID\"],\"columns[0].javaType\":[\"Integer\"],\"columns[0].javaField\":[\"serverId\"],\"columns[0].isInsert\":[\"1\"],\"columns[0].isEdit\":[\"1\"],\"columns[0].isList\":[\"1\"],\"columns[0].queryType\":[\"EQ\"],\"columns[0].isRequired\":[\"1\"],\"columns[0].htmlType\":[\"input\"],\"columns[0].dictType\":[\"\"],\"columns[1].columnId\":[\"21\"],\"columns[1].sort\":[\"2\"],\"columns[1].columnComment\":[\"é¡¹ç›®ID\"],\"columns[1].javaType\":[\"Integer\"],\"columns[1].javaField\":[\"projectId\"],\"columns[1].isInsert\":[\"1\"],\"columns[1].isEdit\":[\"1\"],\"columns[1].isList\":[\"1\"],\"columns[1].isQuery\":[\"1\"],\"columns[1].queryType\":[\"EQ\"],\"columns[1].isRequired\":[\"1\"],\"columns[1].htmlType\":[\"select\"],\"columns[1].dictType\":[\"\"],\"columns[2].columnId\":[\"22\"],\"columns[2].sort\":[\"3\"],\"columns[2].columnComment\":[\"äº§å“ID\"],\"columns[2].javaType\":[\"Integer\"],\"columns[2].javaField\":[\"productId\"],\"columns[2].isInsert\":[\"1\"],\"columns[2].isEdit\":[\"1\"],\"columns[2].isList\":[\"1\"],\"columns[2].isQuery\":[\"1\"],\"columns[2].queryType\":[\"EQ\"],\"columns[2].isRequired\":[\"1\"],\"columns[2].htmlType\":[\"select\"],\"columns[2].dictType\":[\"\"],\"columns[3].columnId\":[\"23\"],\"columns[3].sort\":[\"4\"],\"columns[3].columnComment\":[\"æœåŠ¡IP\"],\"columns[3].javaType\":[\"String\"],\"columns[3].javaField\":[\"serverIp\"],\"columns[3].isInsert\":[\"1\"],\"columns[3].isEdit\":[\"1\"],\"columns[3].isList\":[\"1\"],\"columns[3].isQuery\":[\"1\"],\"columns[3].queryType\":[\"EQ\"],\"columns[3].isRequired\":[\"1\"],\"columns[3].htmlType\":[\"input\"],\"columns[3].dictType\":[\"\"],\"columns[4].columnId\":[\"24\"],\"columns[4].sort\":[\"5\"],\"columns[4].columnComment\":[\"æœåŠ¡ç«¯å£å·\"],\"columns[4].javaType\":[\"Integer\"],\"columns[4].javaField\":[\"serverPort\"],\"columns[4].isInsert\":[\"1\"],\"columns[4].isEdit\":[\"1\"],\"columns[4].isList\":[\"1\"],\"columns[4].queryType\":[\"EQ\"],\"columns[4].isRequired\":[\"1\"],\"columns[4].htmlType\":[\"in','{\r\n  \"msg\" : \"æ“ä½œæˆåŠŸ\",\r\n  \"code\" : 0\r\n}',0,NULL,'2021-06-10 22:52:06'),
(164,'ä»£ç ç”Ÿæˆ',8,'com.ruoyi.generator.controller.GenController.genCode()','GET',1,'admin','ç ”å‘éƒ¨é—¨','/tool/gen/genCode/up_project_server','127.0.0.1','å†…ç½‘IP','\"up_project_server\"','{\r\n  \"msg\" : \"æ“ä½œæˆåŠŸ\",\r\n  \"code\" : 0\r\n}',0,NULL,'2021-06-10 22:52:30'),
(165,'ä»£ç ç”Ÿæˆ',2,'com.ruoyi.generator.controller.GenController.editSave()','POST',1,'admin','ç ”å‘éƒ¨é—¨','/tool/gen/edit','127.0.0.1','å†…ç½‘IP','{\"tableId\":[\"5\"],\"tableName\":[\"up_project_server\"],\"tableComment\":[\"é¡¹ç›®åº”ç”¨æœåŠ¡è¡¨\"],\"className\":[\"UpProjectServer\"],\"functionAuthor\":[\"lijunqiang\"],\"remark\":[\"\"],\"columns[0].columnId\":[\"20\"],\"columns[0].sort\":[\"1\"],\"columns[0].columnComment\":[\"æœåŠ¡ID\"],\"columns[0].javaType\":[\"Integer\"],\"columns[0].javaField\":[\"serverId\"],\"columns[0].isInsert\":[\"1\"],\"columns[0].isEdit\":[\"1\"],\"columns[0].isList\":[\"1\"],\"columns[0].queryType\":[\"EQ\"],\"columns[0].isRequired\":[\"1\"],\"columns[0].htmlType\":[\"input\"],\"columns[0].dictType\":[\"\"],\"columns[1].columnId\":[\"21\"],\"columns[1].sort\":[\"2\"],\"columns[1].columnComment\":[\"é¡¹ç›®ID\"],\"columns[1].javaType\":[\"Integer\"],\"columns[1].javaField\":[\"projectId\"],\"columns[1].isInsert\":[\"1\"],\"columns[1].isEdit\":[\"1\"],\"columns[1].isList\":[\"1\"],\"columns[1].isQuery\":[\"1\"],\"columns[1].queryType\":[\"EQ\"],\"columns[1].isRequired\":[\"1\"],\"columns[1].htmlType\":[\"select\"],\"columns[1].dictType\":[\"\"],\"columns[2].columnId\":[\"22\"],\"columns[2].sort\":[\"3\"],\"columns[2].columnComment\":[\"äº§å“ID\"],\"columns[2].javaType\":[\"Integer\"],\"columns[2].javaField\":[\"productId\"],\"columns[2].isInsert\":[\"1\"],\"columns[2].isEdit\":[\"1\"],\"columns[2].isList\":[\"1\"],\"columns[2].isQuery\":[\"1\"],\"columns[2].queryType\":[\"EQ\"],\"columns[2].isRequired\":[\"1\"],\"columns[2].htmlType\":[\"select\"],\"columns[2].dictType\":[\"\"],\"columns[3].columnId\":[\"23\"],\"columns[3].sort\":[\"4\"],\"columns[3].columnComment\":[\"æœåŠ¡IP\"],\"columns[3].javaType\":[\"String\"],\"columns[3].javaField\":[\"serverIp\"],\"columns[3].isInsert\":[\"1\"],\"columns[3].isEdit\":[\"1\"],\"columns[3].isList\":[\"1\"],\"columns[3].isQuery\":[\"1\"],\"columns[3].queryType\":[\"EQ\"],\"columns[3].isRequired\":[\"1\"],\"columns[3].htmlType\":[\"input\"],\"columns[3].dictType\":[\"\"],\"columns[4].columnId\":[\"24\"],\"columns[4].sort\":[\"5\"],\"columns[4].columnComment\":[\"æœåŠ¡ç«¯å£å·\"],\"columns[4].javaType\":[\"Integer\"],\"columns[4].javaField\":[\"serverPort\"],\"columns[4].isInsert\":[\"1\"],\"columns[4].isEdit\":[\"1\"],\"columns[4].isList\":[\"1\"],\"columns[4].queryType\":[\"EQ\"],\"columns[4].isRequired\":[\"1\"],\"columns[4].htmlType\":[\"in','{\r\n  \"msg\" : \"æ“ä½œæˆåŠŸ\",\r\n  \"code\" : 0\r\n}',0,NULL,'2021-06-10 22:54:36'),
(166,'ä»£ç ç”Ÿæˆ',8,'com.ruoyi.generator.controller.GenController.genCode()','GET',1,'admin','ç ”å‘éƒ¨é—¨','/tool/gen/genCode/up_project_server','127.0.0.1','å†…ç½‘IP','\"up_project_server\"','{\r\n  \"msg\" : \"æ“ä½œæˆåŠŸ\",\r\n  \"code\" : 0\r\n}',0,NULL,'2021-06-10 22:54:40'),
(167,'ä»£ç ç”Ÿæˆ',2,'com.ruoyi.generator.controller.GenController.editSave()','POST',1,'admin','ç ”å‘éƒ¨é—¨','/tool/gen/edit','127.0.0.1','å†…ç½‘IP','{\"tableId\":[\"5\"],\"tableName\":[\"up_project_server\"],\"tableComment\":[\"é¡¹ç›®åº”ç”¨æœåŠ¡è¡¨\"],\"className\":[\"UpProjectServer\"],\"functionAuthor\":[\"lijunqiang\"],\"remark\":[\"\"],\"columns[0].columnId\":[\"20\"],\"columns[0].sort\":[\"1\"],\"columns[0].columnComment\":[\"æœåŠ¡ID\"],\"columns[0].javaType\":[\"Integer\"],\"columns[0].javaField\":[\"serverId\"],\"columns[0].isInsert\":[\"1\"],\"columns[0].isEdit\":[\"1\"],\"columns[0].isList\":[\"1\"],\"columns[0].queryType\":[\"EQ\"],\"columns[0].isRequired\":[\"1\"],\"columns[0].htmlType\":[\"input\"],\"columns[0].dictType\":[\"\"],\"columns[1].columnId\":[\"21\"],\"columns[1].sort\":[\"2\"],\"columns[1].columnComment\":[\"é¡¹ç›®ID\"],\"columns[1].javaType\":[\"Integer\"],\"columns[1].javaField\":[\"projectId\"],\"columns[1].isInsert\":[\"1\"],\"columns[1].isEdit\":[\"1\"],\"columns[1].isList\":[\"1\"],\"columns[1].isQuery\":[\"1\"],\"columns[1].queryType\":[\"EQ\"],\"columns[1].isRequired\":[\"1\"],\"columns[1].htmlType\":[\"select\"],\"columns[1].dictType\":[\"\"],\"columns[2].columnId\":[\"22\"],\"columns[2].sort\":[\"3\"],\"columns[2].columnComment\":[\"äº§å“ID\"],\"columns[2].javaType\":[\"Integer\"],\"columns[2].javaField\":[\"productId\"],\"columns[2].isInsert\":[\"1\"],\"columns[2].isEdit\":[\"1\"],\"columns[2].isList\":[\"1\"],\"columns[2].isQuery\":[\"1\"],\"columns[2].queryType\":[\"EQ\"],\"columns[2].isRequired\":[\"1\"],\"columns[2].htmlType\":[\"select\"],\"columns[2].dictType\":[\"\"],\"columns[3].columnId\":[\"23\"],\"columns[3].sort\":[\"4\"],\"columns[3].columnComment\":[\"æœåŠ¡IP\"],\"columns[3].javaType\":[\"String\"],\"columns[3].javaField\":[\"serverIp\"],\"columns[3].isInsert\":[\"1\"],\"columns[3].isEdit\":[\"1\"],\"columns[3].isList\":[\"1\"],\"columns[3].isQuery\":[\"1\"],\"columns[3].queryType\":[\"EQ\"],\"columns[3].isRequired\":[\"1\"],\"columns[3].htmlType\":[\"input\"],\"columns[3].dictType\":[\"\"],\"columns[4].columnId\":[\"24\"],\"columns[4].sort\":[\"5\"],\"columns[4].columnComment\":[\"æœåŠ¡ç«¯å£å·\"],\"columns[4].javaType\":[\"Integer\"],\"columns[4].javaField\":[\"serverPort\"],\"columns[4].isInsert\":[\"1\"],\"columns[4].isEdit\":[\"1\"],\"columns[4].isList\":[\"1\"],\"columns[4].queryType\":[\"EQ\"],\"columns[4].isRequired\":[\"1\"],\"columns[4].htmlType\":[\"in','{\r\n  \"msg\" : \"æ“ä½œæˆåŠŸ\",\r\n  \"code\" : 0\r\n}',0,NULL,'2021-06-10 23:03:58'),
(168,'ä»£ç ç”Ÿæˆ',8,'com.ruoyi.generator.controller.GenController.download()','GET',1,'admin','ç ”å‘éƒ¨é—¨','/tool/gen/download/up_project_server','127.0.0.1','å†…ç½‘IP','\"up_project_server\"',NULL,0,NULL,'2021-06-10 23:04:03'),
(169,'é¡¹ç›®åº”ç”¨æœåŠ¡',1,'com.kyee.upgrade.controller.UpProjectServerController.addSave()','POST',1,'admin','ç ”å‘éƒ¨é—¨','/upgrade/projectServer/add','127.0.0.1','å†…ç½‘IP','{\"serverId\":[\"1\"],\"projectId\":[\"1\"],\"productId\":[\"1\"],\"serverIp\":[\"192.168.22.31\"],\"serverPort\":[\"8080\"],\"serverKey\":[\"äººæ°‘31æœåŠ¡\"]}','{\r\n  \"msg\" : \"æ“ä½œæˆåŠŸ\",\r\n  \"code\" : 0\r\n}',0,NULL,'2021-06-12 20:45:24'),
(170,'é¡¹ç›®åº”ç”¨æœåŠ¡',1,'com.kyee.upgrade.controller.UpProjectServerController.addSave()','POST',1,'admin','ç ”å‘éƒ¨é—¨','/upgrade/projectServer/add','127.0.0.1','å†…ç½‘IP','{\"serverKey\":[\"äººæ°‘32\"],\"projectId\":[\"1\"],\"productId\":[\"1\"],\"serverIp\":[\"192.168.22.32\"],\"serverPort\":[\"8080\"]}','{\r\n  \"msg\" : \"æ“ä½œæˆåŠŸ\",\r\n  \"code\" : 0\r\n}',0,NULL,'2021-06-12 21:00:03'),
(171,'é¡¹ç›®åº”ç”¨æœåŠ¡',1,'com.kyee.upgrade.controller.UpProjectServerController.addSave()','POST',1,'admin','ç ”å‘éƒ¨é—¨','/upgrade/projectServer/add','127.0.0.1','å†…ç½‘IP','{\"serverKey\":[\"æµ‹è¯•æœåŠ¡\"],\"projectId\":[\"1\"],\"productId\":[\"1\"],\"serverIp\":[\"192.168.22.100\"],\"serverPort\":[\"8080\"]}','{\r\n  \"msg\" : \"æ“ä½œæˆåŠŸ\",\r\n  \"code\" : 0\r\n}',0,NULL,'2021-06-12 21:00:30'),
(172,'é¡¹ç›®åº”ç”¨æœåŠ¡',2,'com.kyee.upgrade.controller.UpProjectServerController.editSave()','POST',1,'admin','ç ”å‘éƒ¨é—¨','/upgrade/projectServer/edit','127.0.0.1','å†…ç½‘IP','{\"serverId\":[\"2\"],\"projectId\":[\"1\"],\"productId\":[\"1\"],\"serverIp\":[\"192.168.22.32\"],\"serverPort\":[\"8080\"],\"serverKey\":[\"äººæ°‘32æœåŠ¡\"]}','{\r\n  \"msg\" : \"æ“ä½œæˆåŠŸ\",\r\n  \"code\" : 0\r\n}',0,NULL,'2021-06-12 21:00:40'),
(173,'ä»£ç ç”Ÿæˆ',6,'com.ruoyi.generator.controller.GenController.importTableSave()','POST',1,'admin','ç ”å‘éƒ¨é—¨','/tool/gen/importTable','127.0.0.1','å†…ç½‘IP','{\"tables\":[\"up_patch\"]}','{\r\n  \"msg\" : \"æ“ä½œæˆåŠŸ\",\r\n  \"code\" : 0\r\n}',0,NULL,'2021-06-12 21:11:33'),
(174,'ä»£ç ç”Ÿæˆ',3,'com.ruoyi.generator.controller.GenController.remove()','POST',1,'admin','ç ”å‘éƒ¨é—¨','/tool/gen/remove','127.0.0.1','å†…ç½‘IP','{\"ids\":[\"6\"]}','{\r\n  \"msg\" : \"æ“ä½œæˆåŠŸ\",\r\n  \"code\" : 0\r\n}',0,NULL,'2021-06-12 21:15:00'),
(175,'ä»£ç ç”Ÿæˆ',6,'com.ruoyi.generator.controller.GenController.importTableSave()','POST',1,'admin','ç ”å‘éƒ¨é—¨','/tool/gen/importTable','127.0.0.1','å†…ç½‘IP','{\"tables\":[\"up_patch\"]}','{\r\n  \"msg\" : \"æ“ä½œæˆåŠŸ\",\r\n  \"code\" : 0\r\n}',0,NULL,'2021-06-12 21:15:03'),
(176,'å­—å…¸ç±»å‹',1,'com.ruoyi.web.controller.system.SysDictTypeController.addSave()','POST',1,'admin','ç ”å‘éƒ¨é—¨','/system/dict/add','127.0.0.1','å†…ç½‘IP','{\"dictName\":[\"è¡¥ä¸åŒ…çŠ¶æ€\"],\"dictType\":[\"up_patch_status\"],\"status\":[\"0\"],\"remark\":[\"\"]}','{\r\n  \"msg\" : \"æ“ä½œæˆåŠŸ\",\r\n  \"code\" : 0\r\n}',0,NULL,'2021-06-12 21:17:32'),
(177,'å­—å…¸æ•°æ®',1,'com.ruoyi.web.controller.system.SysDictDataController.addSave()','POST',1,'admin','ç ”å‘éƒ¨é—¨','/system/dict/data/add','127.0.0.1','å†…ç½‘IP','{\"dictLabel\":[\"10\"],\"dictValue\":[\"å·²ç™»è®°\"],\"dictType\":[\"up_patch_status\"],\"cssClass\":[\"\"],\"dictSort\":[\"10\"],\"listClass\":[\"default\"],\"isDefault\":[\"Y\"],\"status\":[\"0\"],\"remark\":[\"\"]}','{\r\n  \"msg\" : \"æ“ä½œæˆåŠŸ\",\r\n  \"code\" : 0\r\n}',0,NULL,'2021-06-12 21:19:20'),
(178,'å­—å…¸æ•°æ®',1,'com.ruoyi.web.controller.system.SysDictDataController.addSave()','POST',1,'admin','ç ”å‘éƒ¨é—¨','/system/dict/data/add','127.0.0.1','å†…ç½‘IP','{\"dictLabel\":[\"å·²æ‰“åŒ…\"],\"dictValue\":[\"20\"],\"dictType\":[\"up_patch_status\"],\"cssClass\":[\"\"],\"dictSort\":[\"20\"],\"listClass\":[\"\"],\"isDefault\":[\"Y\"],\"status\":[\"0\"],\"remark\":[\"\"]}','{\r\n  \"msg\" : \"æ“ä½œæˆåŠŸ\",\r\n  \"code\" : 0\r\n}',0,NULL,'2021-06-12 21:19:42'),
(179,'å­—å…¸æ•°æ®',2,'com.ruoyi.web.controller.system.SysDictDataController.editSave()','POST',1,'admin','ç ”å‘éƒ¨é—¨','/system/dict/data/edit','127.0.0.1','å†…ç½‘IP','{\"dictCode\":[\"31\"],\"dictLabel\":[\"20\"],\"dictValue\":[\"å·²æ‰“åŒ…\"],\"dictType\":[\"up_patch_status\"],\"cssClass\":[\"\"],\"dictSort\":[\"20\"],\"listClass\":[\"\"],\"isDefault\":[\"Y\"],\"status\":[\"0\"],\"remark\":[\"\"]}','{\r\n  \"msg\" : \"æ“ä½œæˆåŠŸ\",\r\n  \"code\" : 0\r\n}',0,NULL,'2021-06-12 21:19:50'),
(180,'å­—å…¸æ•°æ®',1,'com.ruoyi.web.controller.system.SysDictDataController.addSave()','POST',1,'admin','ç ”å‘éƒ¨é—¨','/system/dict/data/add','127.0.0.1','å†…ç½‘IP','{\"dictLabel\":[\"éƒ¨åˆ†å‡çº§\"],\"dictValue\":[\"30\"],\"dictType\":[\"up_patch_status\"],\"cssClass\":[\"\"],\"dictSort\":[\"30\"],\"listClass\":[\"default\"],\"isDefault\":[\"Y\"],\"status\":[\"0\"],\"remark\":[\"\"]}','{\r\n  \"msg\" : \"æ“ä½œæˆåŠŸ\",\r\n  \"code\" : 0\r\n}',0,NULL,'2021-06-12 21:21:30'),
(181,'å­—å…¸æ•°æ®',2,'com.ruoyi.web.controller.system.SysDictDataController.editSave()','POST',1,'admin','ç ”å‘éƒ¨é—¨','/system/dict/data/edit','127.0.0.1','å†…ç½‘IP','{\"dictCode\":[\"30\"],\"dictLabel\":[\"å·²ç™»è®°\"],\"dictValue\":[\"10\"],\"dictType\":[\"up_patch_status\"],\"cssClass\":[\"\"],\"dictSort\":[\"10\"],\"listClass\":[\"default\"],\"isDefault\":[\"Y\"],\"status\":[\"0\"],\"remark\":[\"\"]}','{\r\n  \"msg\" : \"æ“ä½œæˆåŠŸ\",\r\n  \"code\" : 0\r\n}',0,NULL,'2021-06-12 21:21:37'),
(182,'å­—å…¸æ•°æ®',2,'com.ruoyi.web.controller.system.SysDictDataController.editSave()','POST',1,'admin','ç ”å‘éƒ¨é—¨','/system/dict/data/edit','127.0.0.1','å†…ç½‘IP','{\"dictCode\":[\"31\"],\"dictLabel\":[\"å·²æ‰“åŒ…\"],\"dictValue\":[\"20\"],\"dictType\":[\"up_patch_status\"],\"cssClass\":[\"\"],\"dictSort\":[\"20\"],\"listClass\":[\"\"],\"isDefault\":[\"Y\"],\"status\":[\"0\"],\"remark\":[\"\"]}','{\r\n  \"msg\" : \"æ“ä½œæˆåŠŸ\",\r\n  \"code\" : 0\r\n}',0,NULL,'2021-06-12 21:21:43'),
(183,'å­—å…¸æ•°æ®',1,'com.ruoyi.web.controller.system.SysDictDataController.addSave()','POST',1,'admin','ç ”å‘éƒ¨é—¨','/system/dict/data/add','127.0.0.1','å†…ç½‘IP','{\"dictLabel\":[\"å…¨éƒ¨å‡çº§\"],\"dictValue\":[\"40\"],\"dictType\":[\"up_patch_status\"],\"cssClass\":[\"\"],\"dictSort\":[\"40\"],\"listClass\":[\"\"],\"isDefault\":[\"Y\"],\"status\":[\"0\"],\"remark\":[\"\"]}','{\r\n  \"msg\" : \"æ“ä½œæˆåŠŸ\",\r\n  \"code\" : 0\r\n}',0,NULL,'2021-06-12 21:25:36'),
(184,'å­—å…¸æ•°æ®',2,'com.ruoyi.web.controller.system.SysDictDataController.editSave()','POST',1,'admin','ç ”å‘éƒ¨é—¨','/system/dict/data/edit','127.0.0.1','å†…ç½‘IP','{\"dictCode\":[\"30\"],\"dictLabel\":[\"ç™»è®°\"],\"dictValue\":[\"10\"],\"dictType\":[\"up_patch_status\"],\"cssClass\":[\"\"],\"dictSort\":[\"10\"],\"listClass\":[\"default\"],\"isDefault\":[\"Y\"],\"status\":[\"0\"],\"remark\":[\"\"]}','{\r\n  \"msg\" : \"æ“ä½œæˆåŠŸ\",\r\n  \"code\" : 0\r\n}',0,NULL,'2021-06-12 21:25:40'),
(185,'å­—å…¸æ•°æ®',2,'com.ruoyi.web.controller.system.SysDictDataController.editSave()','POST',1,'admin','ç ”å‘éƒ¨é—¨','/system/dict/data/edit','127.0.0.1','å†…ç½‘IP','{\"dictCode\":[\"31\"],\"dictLabel\":[\"æ‰“åŒ…\"],\"dictValue\":[\"20\"],\"dictType\":[\"up_patch_status\"],\"cssClass\":[\"\"],\"dictSort\":[\"20\"],\"listClass\":[\"\"],\"isDefault\":[\"Y\"],\"status\":[\"0\"],\"remark\":[\"\"]}','{\r\n  \"msg\" : \"æ“ä½œæˆåŠŸ\",\r\n  \"code\" : 0\r\n}',0,NULL,'2021-06-12 21:25:45'),
(186,'å­—å…¸æ•°æ®',1,'com.ruoyi.web.controller.system.SysDictDataController.addSave()','POST',1,'admin','ç ”å‘éƒ¨é—¨','/system/dict/data/add','127.0.0.1','å†…ç½‘IP','{\"dictLabel\":[\"å›é€€\"],\"dictValue\":[\"50\"],\"dictType\":[\"up_patch_status\"],\"cssClass\":[\"\"],\"dictSort\":[\"50\"],\"listClass\":[\"\"],\"isDefault\":[\"Y\"],\"status\":[\"0\"],\"remark\":[\"\"]}','{\r\n  \"msg\" : \"æ“ä½œæˆåŠŸ\",\r\n  \"code\" : 0\r\n}',0,NULL,'2021-06-12 21:26:03'),
(187,'å­—å…¸æ•°æ®',1,'com.ruoyi.web.controller.system.SysDictDataController.addSave()','POST',1,'admin','ç ”å‘éƒ¨é—¨','/system/dict/data/add','127.0.0.1','å†…ç½‘IP','{\"dictLabel\":[\"ä½œåºŸ\"],\"dictValue\":[\"60\"],\"dictType\":[\"up_patch_status\"],\"cssClass\":[\"\"],\"dictSort\":[\"60\"],\"listClass\":[\"\"],\"isDefault\":[\"Y\"],\"status\":[\"0\"],\"remark\":[\"\"]}','{\r\n  \"msg\" : \"æ“ä½œæˆåŠŸ\",\r\n  \"code\" : 0\r\n}',0,NULL,'2021-06-12 21:26:15'),
(188,'å­—å…¸æ•°æ®',1,'com.ruoyi.web.controller.system.SysDictDataController.addSave()','POST',1,'admin','ç ”å‘éƒ¨é—¨','/system/dict/data/add','127.0.0.1','å†…ç½‘IP','{\"dictLabel\":[\"å…³é—­\"],\"dictValue\":[\"70\"],\"dictType\":[\"up_patch_status\"],\"cssClass\":[\"\"],\"dictSort\":[\"70\"],\"listClass\":[\"\"],\"isDefault\":[\"Y\"],\"status\":[\"0\"],\"remark\":[\"\"]}','{\r\n  \"msg\" : \"æ“ä½œæˆåŠŸ\",\r\n  \"code\" : 0\r\n}',0,NULL,'2021-06-12 21:26:47'),
(189,'ä»£ç ç”Ÿæˆ',2,'com.ruoyi.generator.controller.GenController.synchDb()','GET',1,'admin','ç ”å‘éƒ¨é—¨','/tool/gen/synchDb/up_patch','127.0.0.1','å†…ç½‘IP','\"up_patch\"','{\r\n  \"msg\" : \"æ“ä½œæˆåŠŸ\",\r\n  \"code\" : 0\r\n}',0,NULL,'2021-06-12 21:28:08'),
(190,'ä»£ç ç”Ÿæˆ',3,'com.ruoyi.generator.controller.GenController.remove()','POST',1,'admin','ç ”å‘éƒ¨é—¨','/tool/gen/remove','127.0.0.1','å†…ç½‘IP','{\"ids\":[\"7\"]}','{\r\n  \"msg\" : \"æ“ä½œæˆåŠŸ\",\r\n  \"code\" : 0\r\n}',0,NULL,'2021-06-12 21:28:17'),
(191,'ä»£ç ç”Ÿæˆ',6,'com.ruoyi.generator.controller.GenController.importTableSave()','POST',1,'admin','ç ”å‘éƒ¨é—¨','/tool/gen/importTable','127.0.0.1','å†…ç½‘IP','{\"tables\":[\"up_patch\"]}','{\r\n  \"msg\" : \"æ“ä½œæˆåŠŸ\",\r\n  \"code\" : 0\r\n}',0,NULL,'2021-06-12 21:28:35'),
(192,'ä»£ç ç”Ÿæˆ',2,'com.ruoyi.generator.controller.GenController.synchDb()','GET',1,'admin','ç ”å‘éƒ¨é—¨','/tool/gen/synchDb/up_patch','127.0.0.1','å†…ç½‘IP','\"up_patch\"','{\r\n  \"msg\" : \"æ“ä½œæˆåŠŸ\",\r\n  \"code\" : 0\r\n}',0,NULL,'2021-06-12 21:31:02'),
(193,'ä»£ç ç”Ÿæˆ',2,'com.ruoyi.generator.controller.GenController.synchDb()','GET',1,'admin','ç ”å‘éƒ¨é—¨','/tool/gen/synchDb/up_patch','127.0.0.1','å†…ç½‘IP','\"up_patch\"','{\r\n  \"msg\" : \"æ“ä½œæˆåŠŸ\",\r\n  \"code\" : 0\r\n}',0,NULL,'2021-06-12 21:32:13'),
(194,'ä»£ç ç”Ÿæˆ',3,'com.ruoyi.generator.controller.GenController.remove()','POST',1,'admin','ç ”å‘éƒ¨é—¨','/tool/gen/remove','127.0.0.1','å†…ç½‘IP','{\"ids\":[\"8\"]}','{\r\n  \"msg\" : \"æ“ä½œæˆåŠŸ\",\r\n  \"code\" : 0\r\n}',0,NULL,'2021-06-12 21:32:46'),
(195,'ä»£ç ç”Ÿæˆ',6,'com.ruoyi.generator.controller.GenController.importTableSave()','POST',1,'admin','ç ”å‘éƒ¨é—¨','/tool/gen/importTable','127.0.0.1','å†…ç½‘IP','{\"tables\":[\"up_patch\"]}','{\r\n  \"msg\" : \"æ“ä½œæˆåŠŸ\",\r\n  \"code\" : 0\r\n}',0,NULL,'2021-06-12 21:32:50'),
(196,'ä»£ç ç”Ÿæˆ',2,'com.ruoyi.generator.controller.GenController.editSave()','POST',1,'admin','ç ”å‘éƒ¨é—¨','/tool/gen/edit','127.0.0.1','å†…ç½‘IP','{\"tableId\":[\"9\"],\"tableName\":[\"up_patch\"],\"tableComment\":[\"è¡¥ä¸è¡¨\"],\"className\":[\"UpPatch\"],\"functionAuthor\":[\"lijunqiang\"],\"remark\":[\"\"],\"columns[0].columnId\":[\"52\"],\"columns[0].sort\":[\"1\"],\"columns[0].columnComment\":[\"è¡¥ä¸ID\"],\"columns[0].javaType\":[\"Long\"],\"columns[0].javaField\":[\"patchId\"],\"columns[0].isInsert\":[\"1\"],\"columns[0].queryType\":[\"EQ\"],\"columns[0].htmlType\":[\"input\"],\"columns[0].dictType\":[\"\"],\"columns[1].columnId\":[\"53\"],\"columns[1].sort\":[\"2\"],\"columns[1].columnComment\":[\"äº§å“ID\"],\"columns[1].javaType\":[\"Integer\"],\"columns[1].javaField\":[\"productId\"],\"columns[1].isInsert\":[\"1\"],\"columns[1].isEdit\":[\"1\"],\"columns[1].isList\":[\"1\"],\"columns[1].isQuery\":[\"1\"],\"columns[1].queryType\":[\"EQ\"],\"columns[1].isRequired\":[\"1\"],\"columns[1].htmlType\":[\"input\"],\"columns[1].dictType\":[\"\"],\"columns[2].columnId\":[\"54\"],\"columns[2].sort\":[\"3\"],\"columns[2].columnComment\":[\"é¡¹ç›®ID\"],\"columns[2].javaType\":[\"Integer\"],\"columns[2].javaField\":[\"projectId\"],\"columns[2].isInsert\":[\"1\"],\"columns[2].isEdit\":[\"1\"],\"columns[2].isList\":[\"1\"],\"columns[2].isQuery\":[\"1\"],\"columns[2].queryType\":[\"EQ\"],\"columns[2].isRequired\":[\"1\"],\"columns[2].htmlType\":[\"input\"],\"columns[2].dictType\":[\"\"],\"columns[3].columnId\":[\"55\"],\"columns[3].sort\":[\"4\"],\"columns[3].columnComment\":[\"è¡¥ä¸æ–‡ä»¶å\"],\"columns[3].javaType\":[\"String\"],\"columns[3].javaField\":[\"patchFileName\"],\"columns[3].isInsert\":[\"1\"],\"columns[3].isEdit\":[\"1\"],\"columns[3].isList\":[\"1\"],\"columns[3].isQuery\":[\"1\"],\"columns[3].queryType\":[\"LIKE\"],\"columns[3].isRequired\":[\"1\"],\"columns[3].htmlType\":[\"input\"],\"columns[3].dictType\":[\"\"],\"columns[4].columnId\":[\"56\"],\"columns[4].sort\":[\"5\"],\"columns[4].columnComment\":[\"è¡¥ä¸æ–‡ä»¶URL\"],\"columns[4].javaType\":[\"String\"],\"columns[4].javaField\":[\"patchFileUrl\"],\"columns[4].isInsert\":[\"1\"],\"columns[4].isEdit\":[\"1\"],\"columns[4].isList\":[\"1\"],\"columns[4].queryType\":[\"EQ\"],\"columns[4].isRequired\":[\"1\"],\"columns[4].htmlType\":[\"textarea\"],\"columns[4].dictType\":[\"\"],\"columns[5].columnId\":[\"57\"],\"columns[5].sort\":[\"6\"],\"columns[','{\r\n  \"msg\" : \"æ“ä½œæˆåŠŸ\",\r\n  \"code\" : 0\r\n}',0,NULL,'2021-06-12 21:33:53'),
(197,'ä»£ç ç”Ÿæˆ',8,'com.ruoyi.generator.controller.GenController.download()','GET',1,'admin','ç ”å‘éƒ¨é—¨','/tool/gen/download/up_patch','127.0.0.1','å†…ç½‘IP','\"up_patch\"',NULL,0,NULL,'2021-06-12 21:34:06'),
(198,'ä»£ç ç”Ÿæˆ',2,'com.ruoyi.generator.controller.GenController.editSave()','POST',1,'admin','ç ”å‘éƒ¨é—¨','/tool/gen/edit','127.0.0.1','å†…ç½‘IP','{\"tableId\":[\"9\"],\"tableName\":[\"up_patch\"],\"tableComment\":[\"è¡¥ä¸è¡¨\"],\"className\":[\"UpPatch\"],\"functionAuthor\":[\"lijunqiang\"],\"remark\":[\"\"],\"columns[0].columnId\":[\"52\"],\"columns[0].sort\":[\"1\"],\"columns[0].columnComment\":[\"è¡¥ä¸ID\"],\"columns[0].javaType\":[\"Long\"],\"columns[0].javaField\":[\"patchId\"],\"columns[0].isInsert\":[\"1\"],\"columns[0].queryType\":[\"EQ\"],\"columns[0].htmlType\":[\"input\"],\"columns[0].dictType\":[\"\"],\"columns[1].columnId\":[\"53\"],\"columns[1].sort\":[\"2\"],\"columns[1].columnComment\":[\"äº§å“ID\"],\"columns[1].javaType\":[\"Integer\"],\"columns[1].javaField\":[\"productId\"],\"columns[1].isInsert\":[\"1\"],\"columns[1].isEdit\":[\"1\"],\"columns[1].isList\":[\"1\"],\"columns[1].isQuery\":[\"1\"],\"columns[1].queryType\":[\"EQ\"],\"columns[1].isRequired\":[\"1\"],\"columns[1].htmlType\":[\"select\"],\"columns[1].dictType\":[\"\"],\"columns[2].columnId\":[\"54\"],\"columns[2].sort\":[\"3\"],\"columns[2].columnComment\":[\"é¡¹ç›®ID\"],\"columns[2].javaType\":[\"Integer\"],\"columns[2].javaField\":[\"projectId\"],\"columns[2].isInsert\":[\"1\"],\"columns[2].isEdit\":[\"1\"],\"columns[2].isList\":[\"1\"],\"columns[2].isQuery\":[\"1\"],\"columns[2].queryType\":[\"EQ\"],\"columns[2].isRequired\":[\"1\"],\"columns[2].htmlType\":[\"select\"],\"columns[2].dictType\":[\"\"],\"columns[3].columnId\":[\"55\"],\"columns[3].sort\":[\"4\"],\"columns[3].columnComment\":[\"è¡¥ä¸æ–‡ä»¶å\"],\"columns[3].javaType\":[\"String\"],\"columns[3].javaField\":[\"patchFileName\"],\"columns[3].isInsert\":[\"1\"],\"columns[3].isEdit\":[\"1\"],\"columns[3].isList\":[\"1\"],\"columns[3].isQuery\":[\"1\"],\"columns[3].queryType\":[\"LIKE\"],\"columns[3].isRequired\":[\"1\"],\"columns[3].htmlType\":[\"input\"],\"columns[3].dictType\":[\"\"],\"columns[4].columnId\":[\"56\"],\"columns[4].sort\":[\"5\"],\"columns[4].columnComment\":[\"è¡¥ä¸æ–‡ä»¶URL\"],\"columns[4].javaType\":[\"String\"],\"columns[4].javaField\":[\"patchFileUrl\"],\"columns[4].isInsert\":[\"1\"],\"columns[4].isEdit\":[\"1\"],\"columns[4].isList\":[\"1\"],\"columns[4].queryType\":[\"EQ\"],\"columns[4].isRequired\":[\"1\"],\"columns[4].htmlType\":[\"textarea\"],\"columns[4].dictType\":[\"\"],\"columns[5].columnId\":[\"57\"],\"columns[5].sort\":[\"6\"],\"column','{\r\n  \"msg\" : \"æ“ä½œæˆåŠŸ\",\r\n  \"code\" : 0\r\n}',0,NULL,'2021-06-12 21:47:38'),
(199,'ä»£ç ç”Ÿæˆ',8,'com.ruoyi.generator.controller.GenController.download()','GET',1,'admin','ç ”å‘éƒ¨é—¨','/tool/gen/download/up_patch','127.0.0.1','å†…ç½‘IP','\"up_patch\"',NULL,0,NULL,'2021-06-12 21:48:24'),
(200,'ä»£ç ç”Ÿæˆ',2,'com.ruoyi.generator.controller.GenController.editSave()','POST',1,'admin','ç ”å‘éƒ¨é—¨','/tool/gen/edit','127.0.0.1','å†…ç½‘IP','{\"tableId\":[\"9\"],\"tableName\":[\"up_patch\"],\"tableComment\":[\"è¡¥ä¸è¡¨\"],\"className\":[\"UpPatch\"],\"functionAuthor\":[\"lijunqiang\"],\"remark\":[\"\"],\"columns[0].columnId\":[\"52\"],\"columns[0].sort\":[\"1\"],\"columns[0].columnComment\":[\"è¡¥ä¸ID\"],\"columns[0].javaType\":[\"Long\"],\"columns[0].javaField\":[\"patchId\"],\"columns[0].isInsert\":[\"1\"],\"columns[0].queryType\":[\"EQ\"],\"columns[0].htmlType\":[\"input\"],\"columns[0].dictType\":[\"\"],\"columns[1].columnId\":[\"53\"],\"columns[1].sort\":[\"2\"],\"columns[1].columnComment\":[\"äº§å“ID\"],\"columns[1].javaType\":[\"Integer\"],\"columns[1].javaField\":[\"productId\"],\"columns[1].isInsert\":[\"1\"],\"columns[1].isEdit\":[\"1\"],\"columns[1].isList\":[\"1\"],\"columns[1].isQuery\":[\"1\"],\"columns[1].queryType\":[\"EQ\"],\"columns[1].isRequired\":[\"1\"],\"columns[1].htmlType\":[\"select\"],\"columns[1].dictType\":[\"\"],\"columns[2].columnId\":[\"54\"],\"columns[2].sort\":[\"3\"],\"columns[2].columnComment\":[\"é¡¹ç›®ID\"],\"columns[2].javaType\":[\"Integer\"],\"columns[2].javaField\":[\"projectId\"],\"columns[2].isInsert\":[\"1\"],\"columns[2].isEdit\":[\"1\"],\"columns[2].isList\":[\"1\"],\"columns[2].isQuery\":[\"1\"],\"columns[2].queryType\":[\"EQ\"],\"columns[2].isRequired\":[\"1\"],\"columns[2].htmlType\":[\"select\"],\"columns[2].dictType\":[\"\"],\"columns[3].columnId\":[\"55\"],\"columns[3].sort\":[\"4\"],\"columns[3].columnComment\":[\"è¡¥ä¸æ–‡ä»¶å\"],\"columns[3].javaType\":[\"String\"],\"columns[3].javaField\":[\"patchFileName\"],\"columns[3].isInsert\":[\"1\"],\"columns[3].isEdit\":[\"1\"],\"columns[3].isList\":[\"1\"],\"columns[3].isQuery\":[\"1\"],\"columns[3].queryType\":[\"LIKE\"],\"columns[3].isRequired\":[\"1\"],\"columns[3].htmlType\":[\"input\"],\"columns[3].dictType\":[\"\"],\"columns[4].columnId\":[\"56\"],\"columns[4].sort\":[\"5\"],\"columns[4].columnComment\":[\"è¡¥ä¸æ–‡ä»¶URL\"],\"columns[4].javaType\":[\"String\"],\"columns[4].javaField\":[\"patchFileUrl\"],\"columns[4].isInsert\":[\"1\"],\"columns[4].isEdit\":[\"1\"],\"columns[4].isList\":[\"1\"],\"columns[4].queryType\":[\"EQ\"],\"columns[4].isRequired\":[\"1\"],\"columns[4].htmlType\":[\"textarea\"],\"columns[4].dictType\":[\"\"],\"columns[5].columnId\":[\"57\"],\"columns[5].sort\":[\"6\"],\"column','{\r\n  \"msg\" : \"æ“ä½œæˆåŠŸ\",\r\n  \"code\" : 0\r\n}',0,NULL,'2021-06-12 21:56:18'),
(201,'ä»£ç ç”Ÿæˆ',8,'com.ruoyi.generator.controller.GenController.download()','GET',1,'admin','ç ”å‘éƒ¨é—¨','/tool/gen/download/up_patch','127.0.0.1','å†…ç½‘IP','\"up_patch\"',NULL,0,NULL,'2021-06-12 21:56:21'),
(202,'ä»£ç ç”Ÿæˆ',2,'com.ruoyi.generator.controller.GenController.synchDb()','GET',1,'admin','ç ”å‘éƒ¨é—¨','/tool/gen/synchDb/up_patch','127.0.0.1','å†…ç½‘IP','\"up_patch\"','{\r\n  \"msg\" : \"æ“ä½œæˆåŠŸ\",\r\n  \"code\" : 0\r\n}',0,NULL,'2021-06-12 22:26:58'),
(203,'ä»£ç ç”Ÿæˆ',2,'com.ruoyi.generator.controller.GenController.synchDb()','GET',1,'admin','ç ”å‘éƒ¨é—¨','/tool/gen/synchDb/up_patch','127.0.0.1','å†…ç½‘IP','\"up_patch\"','{\r\n  \"msg\" : \"æ“ä½œæˆåŠŸ\",\r\n  \"code\" : 0\r\n}',0,NULL,'2021-06-12 22:50:33'),
(204,'ä»£ç ç”Ÿæˆ',2,'com.ruoyi.generator.controller.GenController.editSave()','POST',1,'admin','ç ”å‘éƒ¨é—¨','/tool/gen/edit','127.0.0.1','å†…ç½‘IP','{\"tableId\":[\"9\"],\"tableName\":[\"up_patch\"],\"tableComment\":[\"è¡¥ä¸è¡¨\"],\"className\":[\"UpPatch\"],\"functionAuthor\":[\"lijunqiang\"],\"remark\":[\"\"],\"columns[0].columnId\":[\"52\"],\"columns[0].sort\":[\"1\"],\"columns[0].columnComment\":[\"è¡¥ä¸ID\"],\"columns[0].javaType\":[\"Long\"],\"columns[0].javaField\":[\"patchId\"],\"columns[0].isInsert\":[\"1\"],\"columns[0].queryType\":[\"EQ\"],\"columns[0].htmlType\":[\"input\"],\"columns[0].dictType\":[\"\"],\"columns[1].columnId\":[\"53\"],\"columns[1].sort\":[\"2\"],\"columns[1].columnComment\":[\"äº§å“ID\"],\"columns[1].javaType\":[\"Integer\"],\"columns[1].javaField\":[\"productId\"],\"columns[1].isInsert\":[\"1\"],\"columns[1].isEdit\":[\"1\"],\"columns[1].isList\":[\"1\"],\"columns[1].isQuery\":[\"1\"],\"columns[1].queryType\":[\"EQ\"],\"columns[1].isRequired\":[\"1\"],\"columns[1].htmlType\":[\"select\"],\"columns[1].dictType\":[\"\"],\"columns[2].columnId\":[\"54\"],\"columns[2].sort\":[\"3\"],\"columns[2].columnComment\":[\"é¡¹ç›®ID\"],\"columns[2].javaType\":[\"Integer\"],\"columns[2].javaField\":[\"projectId\"],\"columns[2].isInsert\":[\"1\"],\"columns[2].isEdit\":[\"1\"],\"columns[2].isList\":[\"1\"],\"columns[2].isQuery\":[\"1\"],\"columns[2].queryType\":[\"EQ\"],\"columns[2].isRequired\":[\"1\"],\"columns[2].htmlType\":[\"select\"],\"columns[2].dictType\":[\"\"],\"columns[3].columnId\":[\"55\"],\"columns[3].sort\":[\"4\"],\"columns[3].columnComment\":[\"è¡¥ä¸æ–‡ä»¶å\"],\"columns[3].javaType\":[\"String\"],\"columns[3].javaField\":[\"patchFileName\"],\"columns[3].isInsert\":[\"1\"],\"columns[3].isEdit\":[\"1\"],\"columns[3].isList\":[\"1\"],\"columns[3].isQuery\":[\"1\"],\"columns[3].queryType\":[\"LIKE\"],\"columns[3].isRequired\":[\"1\"],\"columns[3].htmlType\":[\"input\"],\"columns[3].dictType\":[\"\"],\"columns[4].columnId\":[\"56\"],\"columns[4].sort\":[\"5\"],\"columns[4].columnComment\":[\"è¡¥ä¸æ–‡ä»¶URL\"],\"columns[4].javaType\":[\"String\"],\"columns[4].javaField\":[\"patchFileUrl\"],\"columns[4].isInsert\":[\"1\"],\"columns[4].isEdit\":[\"1\"],\"columns[4].isList\":[\"1\"],\"columns[4].queryType\":[\"EQ\"],\"columns[4].isRequired\":[\"1\"],\"columns[4].htmlType\":[\"textarea\"],\"columns[4].dictType\":[\"\"],\"columns[5].columnId\":[\"57\"],\"columns[5].sort\":[\"6\"],\"column','{\r\n  \"msg\" : \"æ“ä½œæˆåŠŸ\",\r\n  \"code\" : 0\r\n}',0,NULL,'2021-06-12 22:52:20'),
(205,'ä»£ç ç”Ÿæˆ',8,'com.ruoyi.generator.controller.GenController.download()','GET',1,'admin','ç ”å‘éƒ¨é—¨','/tool/gen/download/up_patch','127.0.0.1','å†…ç½‘IP','\"up_patch\"',NULL,0,NULL,'2021-06-12 22:52:42'),
(206,'è¡¥ä¸åŒ…ç®¡ç†',1,'com.kyee.upgrade.controller.UpPatchController.addSave()','POST',1,'admin','ç ”å‘éƒ¨é—¨','/upgrade/patch/add','127.0.0.1','å†…ç½‘IP','{\"projectId\":[\"1\"],\"productId\":[\"1\"],\"patchFileName\":[\"PATCH_YUNHIS-18455_20210611172625.ZIP\"],\"patchFileUrl\":[\"PATCH_YUNHIS-18455_20210611172625.ZIP\"],\"sqlFlag\":[\"N\"],\"patchStatus\":[\"10\"],\"bugFlag\":[\"Y\"],\"taskList\":[\"     YUNHIS-18406ã€éšå·ã€‘ä¸Šä¼ æ–‡ä»¶æ·»åŠ /hosnum/nodecodeï¼Œä¿å­˜æ–‡ä»¶è·¯å¾„æ—¶ä¿å­˜/hosnum/nodecode/{filename},sqlæ’å…¥çš„æ•°æ®ä¸å…è®¸ä¿®æ”¹\\r\\n      YUNHIS-18116ã€éšå·å¸‚ä¸­åŒ»åŒ»é™¢ã€‘è¯æˆ¿è¯å“è¯·é¢†åŠŸèƒ½å¯æ ¹æ®è¯å“æ¶ˆè€—é‡ç”Ÿæˆè¯·é¢†å•\\r\\n      YUNHIS-18399ã€éšå·å¸‚ä¸­åŒ»é™¢ã€‘åŒ»ç”Ÿç«™å¼€ç«‹æ£€éªŒé¡¹ç›®å³ä¸Šè§’åŠ æ€¥æ¡†é¡¹ç›®å¯æ§ï¼Œä¸ç”³è¯·å•æ ¼å¼è°ƒæ•´\\r\\n      YUNHIS-18429ã€éšå·å¸‚ä¸­åŒ»åŒ»é™¢ã€‘é—¨è¯Šä¸­è¯å¤„æ–¹å•æ¨¡ç‰ˆä¼˜åŒ–\\r\\n      YUNHIS-18115ã€éšå·å¸‚ä¸­åŒ»åŒ»é™¢ã€‘ä½é™¢åŒ»ç”Ÿç«™é€šè¿‡è¯æˆ¿æ§åˆ¶è¯å“æ˜¯å¦å¯ä¾›\\r\\n      YUNCOMMERCIALBUG-5221ã€éšå·å¸‚ä¸­åŒ»åŒ»é™¢ã€‘åŒ»å˜±å•æ‰“å°æ—¶ï¼Œè¯å“åç§°ä¸ç”¨æ³•é¢‘æ¬¡åœ¨ä¸€è¡Œé€ æˆé‡å \\r\\n      YUNHIS-18107ã€éšå·å¸‚ä¸­åŒ»åŒ»é™¢ã€‘é—¨è¯ŠåŒ»ç”Ÿç«™æ£€ç´¢è¯å“é€šè¿‡è¯æˆ¿æ§åˆ¶è¯å“æ˜¯å¦å¯ä¾›\\r\\n      YUNHIS-18404ã€éšå·å¸‚ä¸­åŒ»åŒ»é™¢ã€‘æ”¶è´¹å‘˜æœç´¢æ‚£è€…åŠç†ä½é™¢æ“ä½œä¼˜åŒ–\\r\\n      YUNHIS-18129ã€éšå·å¸‚ä¸­åŒ»åŒ»é™¢ã€‘æ”¶è´¹å‘˜è‡ªåŠ¨æ—¥ç»“ï¼Œæ—¶é—´å¯è®¾ç½®\\r\\n      YUNHIS-18455ã€éšå·ä¸­åŒ»ã€‘å½“å¤©å·²ç»æŒ‚å·çš„æ‚£è€…ï¼ŒåŒ»ç”Ÿå†è¿›è¡Œå»ºæ¡£æ—¶å¯ä»¥è¿›è¡Œæç¤ºã€‚é€‚é…å…¥å‡ºé™¢ç®¡ç†-ä½é™¢ç™»è®°\\r\\n\\r\\n      å®šæ—¶å™¨ï¼š\\r\\n      YUNHIS-18129ã€éšå·å¸‚ä¸­åŒ»åŒ»é™¢ã€‘æ”¶è´¹å‘˜è‡ªåŠ¨æ—¥ç»“ï¼Œæ—¶é—´å¯è®¾ç½®\"],\"bugfixFlag\":[\"N\"],\"bugfixPatch\":[\"\"],\"createUserId\":[\"1\"],\"memo\":[\"\"]}','{\r\n  \"msg\" : \"æ“ä½œæˆåŠŸ\",\r\n  \"code\" : 0\r\n}',0,NULL,'2021-06-12 23:16:15'),
(207,'ä»£ç ç”Ÿæˆ',2,'com.ruoyi.generator.controller.GenController.synchDb()','GET',1,'admin','ç ”å‘éƒ¨é—¨','/tool/gen/synchDb/up_patch','127.0.0.1','å†…ç½‘IP','\"up_patch\"','{\r\n  \"msg\" : \"æ“ä½œæˆåŠŸ\",\r\n  \"code\" : 0\r\n}',0,NULL,'2021-06-13 10:13:22'),
(208,'ä»£ç ç”Ÿæˆ',2,'com.ruoyi.generator.controller.GenController.synchDb()','GET',1,'admin','ç ”å‘éƒ¨é—¨','/tool/gen/synchDb/up_project_server','127.0.0.1','å†…ç½‘IP','\"up_project_server\"','{\r\n  \"msg\" : \"æ“ä½œæˆåŠŸ\",\r\n  \"code\" : 0\r\n}',0,NULL,'2021-06-13 10:13:24'),
(209,'ä»£ç ç”Ÿæˆ',2,'com.ruoyi.generator.controller.GenController.synchDb()','GET',1,'admin','ç ”å‘éƒ¨é—¨','/tool/gen/synchDb/up_project_product','127.0.0.1','å†…ç½‘IP','\"up_project_product\"','{\r\n  \"msg\" : \"æ“ä½œæˆåŠŸ\",\r\n  \"code\" : 0\r\n}',0,NULL,'2021-06-13 10:13:27'),
(210,'ä»£ç ç”Ÿæˆ',2,'com.ruoyi.generator.controller.GenController.synchDb()','GET',1,'admin','ç ”å‘éƒ¨é—¨','/tool/gen/synchDb/up_project','127.0.0.1','å†…ç½‘IP','\"up_project\"','{\r\n  \"msg\" : \"æ“ä½œæˆåŠŸ\",\r\n  \"code\" : 0\r\n}',0,NULL,'2021-06-13 10:13:29'),
(211,'ä»£ç ç”Ÿæˆ',2,'com.ruoyi.generator.controller.GenController.synchDb()','GET',1,'admin','ç ”å‘éƒ¨é—¨','/tool/gen/synchDb/up_product','127.0.0.1','å†…ç½‘IP','\"up_product\"','{\r\n  \"msg\" : \"æ“ä½œæˆåŠŸ\",\r\n  \"code\" : 0\r\n}',0,NULL,'2021-06-13 10:13:32'),
(212,'ä»£ç ç”Ÿæˆ',2,'com.ruoyi.generator.controller.GenController.editSave()','POST',1,'admin','ç ”å‘éƒ¨é—¨','/tool/gen/edit','127.0.0.1','å†…ç½‘IP','{\"tableId\":[\"2\"],\"tableName\":[\"up_project\"],\"tableComment\":[\"é¡¹ç›®è¡¨\"],\"className\":[\"UpProject\"],\"functionAuthor\":[\"lijunqiang\"],\"remark\":[\"\"],\"columns[0].columnId\":[\"4\"],\"columns[0].sort\":[\"1\"],\"columns[0].columnComment\":[\"é¡¹ç›®ID\"],\"columns[0].javaType\":[\"Integer\"],\"columns[0].javaField\":[\"projectId\"],\"columns[0].isInsert\":[\"1\"],\"columns[0].queryType\":[\"EQ\"],\"columns[0].htmlType\":[\"input\"],\"columns[0].dictType\":[\"\"],\"columns[1].columnId\":[\"5\"],\"columns[1].sort\":[\"2\"],\"columns[1].columnComment\":[\"é¡¹ç›®å\"],\"columns[1].javaType\":[\"String\"],\"columns[1].javaField\":[\"projectName\"],\"columns[1].isInsert\":[\"1\"],\"columns[1].isEdit\":[\"1\"],\"columns[1].isList\":[\"1\"],\"columns[1].isQuery\":[\"1\"],\"columns[1].queryType\":[\"LIKE\"],\"columns[1].isRequired\":[\"1\"],\"columns[1].htmlType\":[\"input\"],\"columns[1].dictType\":[\"\"],\"columns[2].columnId\":[\"83\"],\"columns[2].sort\":[\"3\"],\"columns[2].columnComment\":[\"åˆ›å»ºè€…\"],\"columns[2].javaType\":[\"String\"],\"columns[2].javaField\":[\"createBy\"],\"columns[2].isInsert\":[\"1\"],\"columns[2].queryType\":[\"EQ\"],\"columns[2].htmlType\":[\"input\"],\"columns[2].dictType\":[\"\"],\"columns[3].columnId\":[\"84\"],\"columns[3].sort\":[\"4\"],\"columns[3].columnComment\":[\"åˆ›å»ºæ—¶é—´\"],\"columns[3].javaType\":[\"Date\"],\"columns[3].javaField\":[\"createTime\"],\"columns[3].isInsert\":[\"1\"],\"columns[3].queryType\":[\"EQ\"],\"columns[3].htmlType\":[\"datetime\"],\"columns[3].dictType\":[\"\"],\"columns[4].columnId\":[\"85\"],\"columns[4].sort\":[\"5\"],\"columns[4].columnComment\":[\"æ›´æ–°è€…\"],\"columns[4].javaType\":[\"String\"],\"columns[4].javaField\":[\"updateBy\"],\"columns[4].isInsert\":[\"1\"],\"columns[4].isEdit\":[\"1\"],\"columns[4].queryType\":[\"EQ\"],\"columns[4].htmlType\":[\"input\"],\"columns[4].dictType\":[\"\"],\"columns[5].columnId\":[\"86\"],\"columns[5].sort\":[\"6\"],\"columns[5].columnComment\":[\"æ›´æ–°æ—¶é—´\"],\"columns[5].javaType\":[\"Date\"],\"columns[5].javaField\":[\"updateTime\"],\"columns[5].isInsert\":[\"1\"],\"columns[5].isEdit\":[\"1\"],\"columns[5].queryType\":[\"EQ\"],\"columns[5].htmlType\":[\"datetime\"],\"columns[5].dictType\":[\"\"],\"columns[6].columnId\":[\"87\"],\"columns[6].s','{\r\n  \"msg\" : \"æ“ä½œæˆåŠŸ\",\r\n  \"code\" : 0\r\n}',0,NULL,'2021-06-13 10:14:18'),
(213,'ä»£ç ç”Ÿæˆ',2,'com.ruoyi.generator.controller.GenController.synchDb()','GET',1,'admin','ç ”å‘éƒ¨é—¨','/tool/gen/synchDb/up_project','127.0.0.1','å†…ç½‘IP','\"up_project\"','{\r\n  \"msg\" : \"æ“ä½œæˆåŠŸ\",\r\n  \"code\" : 0\r\n}',0,NULL,'2021-06-13 10:23:27'),
(214,'ä»£ç ç”Ÿæˆ',8,'com.ruoyi.generator.controller.GenController.download()','GET',1,'admin','ç ”å‘éƒ¨é—¨','/tool/gen/download/up_project','127.0.0.1','å†…ç½‘IP','\"up_project\"',NULL,0,NULL,'2021-06-13 10:25:20'),
(215,'ä»£ç ç”Ÿæˆ',8,'com.ruoyi.generator.controller.GenController.batchGenCode()','GET',1,'admin','ç ”å‘éƒ¨é—¨','/tool/gen/batchGenCode','127.0.0.1','å†…ç½‘IP','{\"tables\":[\"up_patch,up_project_server,up_project_product,up_project,up_product\"]}',NULL,0,NULL,'2021-06-13 10:52:53'),
(216,'ä»£ç ç”Ÿæˆ',2,'com.ruoyi.generator.controller.GenController.synchDb()','GET',1,'admin','ç ”å‘éƒ¨é—¨','/tool/gen/synchDb/up_project_server','127.0.0.1','å†…ç½‘IP','\"up_project_server\"','{\r\n  \"msg\" : \"æ“ä½œæˆåŠŸ\",\r\n  \"code\" : 0\r\n}',0,NULL,'2021-06-13 11:18:25'),
(217,'ä»£ç ç”Ÿæˆ',8,'com.ruoyi.generator.controller.GenController.download()','GET',1,'admin','ç ”å‘éƒ¨é—¨','/tool/gen/download/up_project_server','127.0.0.1','å†…ç½‘IP','\"up_project_server\"',NULL,0,NULL,'2021-06-13 11:18:38'),
(218,'äº§å“',3,'com.kyee.upgrade.controller.UpProductController.remove()','POST',1,'admin','ç ”å‘éƒ¨é—¨','/upgrade/product/remove','127.0.0.1','å†…ç½‘IP','{\"ids\":[\"1\"]}','{\r\n  \"msg\" : \"æ“ä½œæˆåŠŸ\",\r\n  \"code\" : 0\r\n}',0,NULL,'2021-06-13 11:28:04'),
(219,'è¡¥ä¸åŒ…ç®¡ç†',2,'com.kyee.upgrade.controller.UpPatchController.editSave()','POST',1,'admin','ç ”å‘éƒ¨é—¨','/upgrade/patch/edit','127.0.0.1','å†…ç½‘IP','{\"patchId\":[\"1\"],\"projectId\":[\"1\"],\"productId\":[\"1\"],\"patchFileName\":[\"PATCH_YUNHIS-18455_20210611172625.ZIP\"],\"patchFileUrl\":[\"PATCH_YUNHIS-18455_20210611172625.ZIP\"],\"sqlFlag\":[\"N\"],\"patchStatus\":[\"10\"],\"taskList\":[\"     YUNHIS-18406ã€éšå·ã€‘ä¸Šä¼ æ–‡ä»¶æ·»åŠ /hosnum/nodecodeï¼Œä¿å­˜æ–‡ä»¶è·¯å¾„æ—¶ä¿å­˜/hosnum/nodecode/{filename},sqlæ’å…¥çš„æ•°æ®ä¸å…è®¸ä¿®æ”¹\\r\\n      YUNHIS-18116ã€éšå·å¸‚ä¸­åŒ»åŒ»é™¢ã€‘è¯æˆ¿è¯å“è¯·é¢†åŠŸèƒ½å¯æ ¹æ®è¯å“æ¶ˆè€—é‡ç”Ÿæˆè¯·é¢†å•\\r\\n      YUNHIS-18399ã€éšå·å¸‚ä¸­åŒ»é™¢ã€‘åŒ»ç”Ÿç«™å¼€ç«‹æ£€éªŒé¡¹ç›®å³ä¸Šè§’åŠ æ€¥æ¡†é¡¹ç›®å¯æ§ï¼Œä¸ç”³è¯·å•æ ¼å¼è°ƒæ•´\\r\\n      YUNHIS-18429ã€éšå·å¸‚ä¸­åŒ»åŒ»é™¢ã€‘é—¨è¯Šä¸­è¯å¤„æ–¹å•æ¨¡ç‰ˆä¼˜åŒ–\\r\\n      YUNHIS-18115ã€éšå·å¸‚ä¸­åŒ»åŒ»é™¢ã€‘ä½é™¢åŒ»ç”Ÿç«™é€šè¿‡è¯æˆ¿æ§åˆ¶è¯å“æ˜¯å¦å¯ä¾›\\r\\n      YUNCOMMERCIALBUG-5221ã€éšå·å¸‚ä¸­åŒ»åŒ»é™¢ã€‘åŒ»å˜±å•æ‰“å°æ—¶ï¼Œè¯å“åç§°ä¸ç”¨æ³•é¢‘æ¬¡åœ¨ä¸€è¡Œé€ æˆé‡å \\r\\n      YUNHIS-18107ã€éšå·å¸‚ä¸­åŒ»åŒ»é™¢ã€‘é—¨è¯ŠåŒ»ç”Ÿç«™æ£€ç´¢è¯å“é€šè¿‡è¯æˆ¿æ§åˆ¶è¯å“æ˜¯å¦å¯ä¾›\\r\\n      YUNHIS-18404ã€éšå·å¸‚ä¸­åŒ»åŒ»é™¢ã€‘æ”¶è´¹å‘˜æœç´¢æ‚£è€…åŠç†ä½é™¢æ“ä½œä¼˜åŒ–\\r\\n      YUNHIS-18129ã€éšå·å¸‚ä¸­åŒ»åŒ»é™¢ã€‘æ”¶è´¹å‘˜è‡ªåŠ¨æ—¥ç»“ï¼Œæ—¶é—´å¯è®¾ç½®\\r\\n      YUNHIS-18455ã€éšå·ä¸­åŒ»ã€‘å½“å¤©å·²ç»æŒ‚å·çš„æ‚£è€…ï¼ŒåŒ»ç”Ÿå†è¿›è¡Œå»ºæ¡£æ—¶å¯ä»¥è¿›è¡Œæç¤ºã€‚é€‚é…å…¥å‡ºé™¢ç®¡ç†-ä½é™¢ç™»è®°\\r\\n\\r\\n      å®šæ—¶å™¨ï¼š\\r\\n      YUNHIS-18129ã€éšå·å¸‚ä¸­åŒ»åŒ»é™¢ã€‘æ”¶è´¹å‘˜è‡ªåŠ¨æ—¥ç»“ï¼Œæ—¶é—´å¯è®¾ç½®\"],\"bugFlag\":[\"N\"],\"bugfixFlag\":[\"N\"],\"bugfixPatch\":[\"\"],\"createBy\":[\"æœ±ç‡•\"],\"remark\":[\"\"]}','{\r\n  \"msg\" : \"æ“ä½œæˆåŠŸ\",\r\n  \"code\" : 0\r\n}',0,NULL,'2021-06-13 11:52:26'),
(220,'é¡¹ç›®',3,'com.kyee.upgrade.controller.UpProjectController.remove()','POST',1,'admin','ç ”å‘éƒ¨é—¨','/upgrade/project/remove','127.0.0.1','å†…ç½‘IP','{\"ids\":[\"1\"]}','{\r\n  \"msg\" : \"æ“ä½œæˆåŠŸ\",\r\n  \"code\" : 0\r\n}',0,NULL,'2021-06-13 11:55:54'),
(221,'é¡¹ç›®',2,'com.kyee.upgrade.controller.UpProjectController.editSave()','POST',1,'admin','ç ”å‘éƒ¨é—¨','/upgrade/project/edit','127.0.0.1','å†…ç½‘IP','{\"projectId\":[\"1\"],\"projectName\":[\"é˜³è¥¿\"],\"remark\":[\"\"]}','{\r\n  \"msg\" : \"æ“ä½œæˆåŠŸ\",\r\n  \"code\" : 0\r\n}',0,NULL,'2021-06-13 12:17:27'),
(222,'èœå•ç®¡ç†',2,'com.ruoyi.web.controller.system.SysMenuController.editSave()','POST',1,'admin','ç ”å‘éƒ¨é—¨','/system/menu/edit','127.0.0.1','å†…ç½‘IP','{\"menuId\":[\"1065\"],\"parentId\":[\"1062\"],\"menuType\":[\"C\"],\"menuName\":[\"äº§å“ç®¡ç†\"],\"url\":[\"/upgrade/product\"],\"target\":[\"menuItem\"],\"perms\":[\"upgrade:product:view\"],\"orderNum\":[\"1\"],\"icon\":[\"fa fa-cart-plus\"],\"visible\":[\"0\"],\"isRefresh\":[\"1\"]}','{\r\n  \"msg\" : \"æ“ä½œæˆåŠŸ\",\r\n  \"code\" : 0\r\n}',0,NULL,'2021-06-13 17:30:44'),
(223,'èœå•ç®¡ç†',2,'com.ruoyi.web.controller.system.SysMenuController.editSave()','POST',1,'admin','ç ”å‘éƒ¨é—¨','/system/menu/edit','127.0.0.1','å†…ç½‘IP','{\"menuId\":[\"1071\"],\"parentId\":[\"1062\"],\"menuType\":[\"C\"],\"menuName\":[\"é¡¹ç›®ç®¡ç†\"],\"url\":[\"/upgrade/project\"],\"target\":[\"menuItem\"],\"perms\":[\"upgrade:project:view\"],\"orderNum\":[\"1\"],\"icon\":[\"fa fa-handshake-o\"],\"visible\":[\"0\"],\"isRefresh\":[\"1\"]}','{\r\n  \"msg\" : \"æ“ä½œæˆåŠŸ\",\r\n  \"code\" : 0\r\n}',0,NULL,'2021-06-13 17:31:39'),
(224,'èœå•ç®¡ç†',2,'com.ruoyi.web.controller.system.SysMenuController.editSave()','POST',1,'admin','ç ”å‘éƒ¨é—¨','/system/menu/edit','127.0.0.1','å†…ç½‘IP','{\"menuId\":[\"1077\"],\"parentId\":[\"1062\"],\"menuType\":[\"C\"],\"menuName\":[\"é¡¹ç›®äº§å“ç®¡ç†\"],\"url\":[\"/upgrade/projectProduct\"],\"target\":[\"menuItem\"],\"perms\":[\"upgrade:projectProduct:view\"],\"orderNum\":[\"1\"],\"icon\":[\"fa fa-asl-interpreting\"],\"visible\":[\"0\"],\"isRefresh\":[\"1\"]}','{\r\n  \"msg\" : \"æ“ä½œæˆåŠŸ\",\r\n  \"code\" : 0\r\n}',0,NULL,'2021-06-13 17:32:13'),
(225,'èœå•ç®¡ç†',2,'com.ruoyi.web.controller.system.SysMenuController.editSave()','POST',1,'admin','ç ”å‘éƒ¨é—¨','/system/menu/edit','127.0.0.1','å†…ç½‘IP','{\"menuId\":[\"1083\"],\"parentId\":[\"1062\"],\"menuType\":[\"C\"],\"menuName\":[\"é¡¹ç›®åº”ç”¨æœåŠ¡\"],\"url\":[\"/upgrade/projectServer\"],\"target\":[\"menuItem\"],\"perms\":[\"upgrade:projectServer:view\"],\"orderNum\":[\"1\"],\"icon\":[\"fa fa-server\"],\"visible\":[\"0\"],\"isRefresh\":[\"1\"]}','{\r\n  \"msg\" : \"æ“ä½œæˆåŠŸ\",\r\n  \"code\" : 0\r\n}',0,NULL,'2021-06-13 17:33:02'),
(226,'èœå•ç®¡ç†',2,'com.ruoyi.web.controller.system.SysMenuController.editSave()','POST',1,'admin','ç ”å‘éƒ¨é—¨','/system/menu/edit','127.0.0.1','å†…ç½‘IP','{\"menuId\":[\"1089\"],\"parentId\":[\"1062\"],\"menuType\":[\"C\"],\"menuName\":[\"è¡¥ä¸åŒ…ç®¡ç†\"],\"url\":[\"/upgrade/patch\"],\"target\":[\"menuItem\"],\"perms\":[\"upgrade:patch:view\"],\"orderNum\":[\"1\"],\"icon\":[\"fa fa-bug\"],\"visible\":[\"0\"],\"isRefresh\":[\"1\"]}','{\r\n  \"msg\" : \"æ“ä½œæˆåŠŸ\",\r\n  \"code\" : 0\r\n}',0,NULL,'2021-06-13 17:33:12'),
(227,'å­—å…¸æ•°æ®',1,'com.ruoyi.web.controller.system.SysDictDataController.addSave()','POST',1,'admin','ç ”å‘éƒ¨é—¨','/system/dict/data/add','127.0.0.1','å†…ç½‘IP','{\"dictLabel\":[\"å‘å¸ƒ\"],\"dictValue\":[\"15\"],\"dictType\":[\"up_patch_status\"],\"cssClass\":[\"\"],\"dictSort\":[\"15\"],\"listClass\":[\"\"],\"isDefault\":[\"Y\"],\"status\":[\"0\"],\"remark\":[\"\"]}','{\r\n  \"msg\" : \"æ“ä½œæˆåŠŸ\",\r\n  \"code\" : 0\r\n}',0,NULL,'2021-06-13 17:41:00'),
(228,'å‚æ•°ç®¡ç†',1,'com.ruoyi.web.controller.system.SysConfigController.addSave()','POST',1,'admin','ç ”å‘éƒ¨é—¨','/system/config/add','127.0.0.1','å†…ç½‘IP','{\"configName\":[\"è¡¥ä¸ç®¡ç†ç«¯ORå‡çº§ç«¯\"],\"configKey\":[\"ç®¡ç†ç«¯\"],\"configValue\":[\"10\"],\"configType\":[\"Y\"],\"remark\":[\"\"]}','{\r\n  \"msg\" : \"æ“ä½œæˆåŠŸ\",\r\n  \"code\" : 0\r\n}',0,NULL,'2021-06-13 17:56:23'),
(229,'å‚æ•°ç®¡ç†',2,'com.ruoyi.web.controller.system.SysConfigController.editSave()','POST',1,'admin','ç ”å‘éƒ¨é—¨','/system/config/edit','127.0.0.1','å†…ç½‘IP','{\"configId\":[\"10\"],\"configName\":[\"è¡¥ä¸ç®¡ç†ç«¯ORå‡çº§ç«¯\"],\"configKey\":[\"up.systype.manager\"],\"configValue\":[\"10\"],\"configType\":[\"Y\"],\"remark\":[\"\"]}','{\r\n  \"msg\" : \"æ“ä½œæˆåŠŸ\",\r\n  \"code\" : 0\r\n}',0,NULL,'2021-06-13 18:00:55'),
(230,'å‚æ•°ç®¡ç†',2,'com.ruoyi.web.controller.system.SysConfigController.editSave()','POST',1,'admin','ç ”å‘éƒ¨é—¨','/system/config/edit','127.0.0.1','å†…ç½‘IP','{\"configId\":[\"10\"],\"configName\":[\"è¡¥ä¸ç®¡ç†ç«¯ORå‡çº§ç«¯\"],\"configKey\":[\"up.sys.usetype\"],\"configValue\":[\"10\"],\"configType\":[\"Y\"],\"remark\":[\"\"]}','{\r\n  \"msg\" : \"æ“ä½œæˆåŠŸ\",\r\n  \"code\" : 0\r\n}',0,NULL,'2021-06-13 18:01:34'),
(231,'å‚æ•°ç®¡ç†',2,'com.ruoyi.web.controller.system.SysConfigController.editSave()','POST',1,'admin','ç ”å‘éƒ¨é—¨','/system/config/edit','127.0.0.1','å†…ç½‘IP','{\"configId\":[\"10\"],\"configName\":[\"è¡¥ä¸ç®¡ç†ç«¯ORå‡çº§ç«¯\"],\"configKey\":[\"up.sys.usetype\"],\"configValue\":[\"ç®¡ç†ç«¯\"],\"configType\":[\"Y\"],\"remark\":[\"ç®¡ç†ç«¯ï¼šé…ç½®äº§å“ã€é¡¹ç›®ã€è¡¥ä¸åŒ…\\r\\nå‡çº§ç«¯ï¼šå‡çº§æ“ä½œ\"]}','{\r\n  \"msg\" : \"æ“ä½œæˆåŠŸ\",\r\n  \"code\" : 0\r\n}',0,NULL,'2021-06-13 18:02:31'),
(232,'å‚æ•°ç®¡ç†',2,'com.ruoyi.web.controller.system.SysConfigController.editSave()','POST',1,'admin','ç ”å‘éƒ¨é—¨','/system/config/edit','127.0.0.1','å†…ç½‘IP','{\"configId\":[\"10\"],\"configName\":[\"è¡¥ä¸ç®¡ç†ç«¯ORå‡çº§ç«¯\"],\"configKey\":[\"up.sys.usetype\"],\"configValue\":[\"0\"],\"configType\":[\"Y\"],\"remark\":[\"0-ç®¡ç†ç«¯ï¼šé…ç½®äº§å“ã€é¡¹ç›®ã€è¡¥ä¸åŒ…\\r\\n1-å‡çº§ç«¯ï¼šå‡çº§æ“ä½œ\"]}','{\r\n  \"msg\" : \"æ“ä½œæˆåŠŸ\",\r\n  \"code\" : 0\r\n}',0,NULL,'2021-06-13 18:02:55'),
(233,'å­—å…¸ç±»å‹',1,'com.ruoyi.web.controller.system.SysDictTypeController.addSave()','POST',1,'admin','ç ”å‘éƒ¨é—¨','/system/dict/add','127.0.0.1','å†…ç½‘IP','{\"dictName\":[\"å‡çº§çŠ¶æ€\"],\"dictType\":[\"up_upgrade_status\"],\"status\":[\"0\"],\"remark\":[\"\"]}','{\r\n  \"msg\" : \"æ“ä½œæˆåŠŸ\",\r\n  \"code\" : 0\r\n}',0,NULL,'2021-06-13 19:14:56'),
(234,'å­—å…¸æ•°æ®',1,'com.ruoyi.web.controller.system.SysDictDataController.addSave()','POST',1,'admin','ç ”å‘éƒ¨é—¨','/system/dict/data/add','127.0.0.1','å†…ç½‘IP','{\"dictLabel\":[\"æœªå‡çº§\"],\"dictValue\":[\"10\"],\"dictType\":[\"up_upgrade_status\"],\"cssClass\":[\"\"],\"dictSort\":[\"10\"],\"listClass\":[\"\"],\"isDefault\":[\"Y\"],\"status\":[\"0\"],\"remark\":[\"\"]}','{\r\n  \"msg\" : \"æ“ä½œæˆåŠŸ\",\r\n  \"code\" : 0\r\n}',0,NULL,'2021-06-13 19:15:27'),
(235,'å­—å…¸æ•°æ®',1,'com.ruoyi.web.controller.system.SysDictDataController.addSave()','POST',1,'admin','ç ”å‘éƒ¨é—¨','/system/dict/data/add','127.0.0.1','å†…ç½‘IP','{\"dictLabel\":[\"å·²å‡çº§\"],\"dictValue\":[\"20\"],\"dictType\":[\"up_upgrade_status\"],\"cssClass\":[\"\"],\"dictSort\":[\"20\"],\"listClass\":[\"\"],\"isDefault\":[\"Y\"],\"status\":[\"0\"],\"remark\":[\"\"]}','{\r\n  \"msg\" : \"æ“ä½œæˆåŠŸ\",\r\n  \"code\" : 0\r\n}',0,NULL,'2021-06-13 19:15:40'),
(236,'å­—å…¸æ•°æ®',1,'com.ruoyi.web.controller.system.SysDictDataController.addSave()','POST',1,'admin','ç ”å‘éƒ¨é—¨','/system/dict/data/add','127.0.0.1','å†…ç½‘IP','{\"dictLabel\":[\"å·²å›é€€\"],\"dictValue\":[\"80\"],\"dictType\":[\"up_upgrade_status\"],\"cssClass\":[\"\"],\"dictSort\":[\"80\"],\"listClass\":[\"\"],\"isDefault\":[\"Y\"],\"status\":[\"0\"],\"remark\":[\"\"]}','{\r\n  \"msg\" : \"æ“ä½œæˆåŠŸ\",\r\n  \"code\" : 0\r\n}',0,NULL,'2021-06-13 19:16:03'),
(237,'ä»£ç ç”Ÿæˆ',6,'com.ruoyi.generator.controller.GenController.importTableSave()','POST',1,'admin','ç ”å‘éƒ¨é—¨','/tool/gen/importTable','127.0.0.1','å†…ç½‘IP','{\"tables\":[\"up_upgrade_record\"]}','{\r\n  \"msg\" : \"æ“ä½œæˆåŠŸ\",\r\n  \"code\" : 0\r\n}',0,NULL,'2021-06-13 20:51:19'),
(238,'ä»£ç ç”Ÿæˆ',2,'com.ruoyi.generator.controller.GenController.synchDb()','GET',1,'admin','ç ”å‘éƒ¨é—¨','/tool/gen/synchDb/up_upgrade_record','127.0.0.1','å†…ç½‘IP','\"up_upgrade_record\"','{\r\n  \"msg\" : \"æ“ä½œæˆåŠŸ\",\r\n  \"code\" : 0\r\n}',0,NULL,'2021-06-13 20:54:43'),
(239,'ä»£ç ç”Ÿæˆ',6,'com.ruoyi.generator.controller.GenController.importTableSave()','POST',1,'admin','ç ”å‘éƒ¨é—¨','/tool/gen/importTable','127.0.0.1','å†…ç½‘IP','{\"tables\":[\"up_upgrade_log\"]}','{\r\n  \"msg\" : \"æ“ä½œæˆåŠŸ\",\r\n  \"code\" : 0\r\n}',0,NULL,'2021-06-13 20:54:47'),
(240,'ä»£ç ç”Ÿæˆ',2,'com.ruoyi.generator.controller.GenController.synchDb()','GET',1,'admin','ç ”å‘éƒ¨é—¨','/tool/gen/synchDb/up_upgrade_log','127.0.0.1','å†…ç½‘IP','\"up_upgrade_log\"','{\r\n  \"msg\" : \"æ“ä½œæˆåŠŸ\",\r\n  \"code\" : 0\r\n}',0,NULL,'2021-06-13 20:54:49'),
(241,'ä»£ç ç”Ÿæˆ',2,'com.ruoyi.generator.controller.GenController.editSave()','POST',1,'admin','ç ”å‘éƒ¨é—¨','/tool/gen/edit','127.0.0.1','å†…ç½‘IP','{\"tableId\":[\"10\"],\"tableName\":[\"up_upgrade_record\"],\"tableComment\":[\"å‡çº§è®°å½•è¡¨\"],\"className\":[\"UpUpgradeRecord\"],\"functionAuthor\":[\"lijunqiang\"],\"remark\":[\"\"],\"columns[0].columnId\":[\"96\"],\"columns[0].sort\":[\"1\"],\"columns[0].columnComment\":[\"è®°å½•ID\"],\"columns[0].javaType\":[\"Long\"],\"columns[0].javaField\":[\"upgradeId\"],\"columns[0].isInsert\":[\"1\"],\"columns[0].queryType\":[\"EQ\"],\"columns[0].htmlType\":[\"input\"],\"columns[0].dictType\":[\"\"],\"columns[1].columnId\":[\"97\"],\"columns[1].sort\":[\"2\"],\"columns[1].columnComment\":[\"æœåŠ¡ID\"],\"columns[1].javaType\":[\"Long\"],\"columns[1].javaField\":[\"serverId\"],\"columns[1].isInsert\":[\"1\"],\"columns[1].isEdit\":[\"1\"],\"columns[1].isList\":[\"1\"],\"columns[1].isQuery\":[\"1\"],\"columns[1].queryType\":[\"EQ\"],\"columns[1].isRequired\":[\"1\"],\"columns[1].htmlType\":[\"input\"],\"columns[1].dictType\":[\"\"],\"columns[2].columnId\":[\"98\"],\"columns[2].sort\":[\"3\"],\"columns[2].columnComment\":[\"è¡¥ä¸ID\"],\"columns[2].javaType\":[\"Long\"],\"columns[2].javaField\":[\"patchId\"],\"columns[2].isInsert\":[\"1\"],\"columns[2].isEdit\":[\"1\"],\"columns[2].isList\":[\"1\"],\"columns[2].isQuery\":[\"1\"],\"columns[2].queryType\":[\"EQ\"],\"columns[2].isRequired\":[\"1\"],\"columns[2].htmlType\":[\"input\"],\"columns[2].dictType\":[\"\"],\"columns[3].columnId\":[\"99\"],\"columns[3].sort\":[\"4\"],\"columns[3].columnComment\":[\"å‡çº§çŠ¶æ€\"],\"columns[3].javaType\":[\"String\"],\"columns[3].javaField\":[\"upStatus\"],\"columns[3].isInsert\":[\"1\"],\"columns[3].isEdit\":[\"1\"],\"columns[3].isList\":[\"1\"],\"columns[3].isQuery\":[\"1\"],\"columns[3].queryType\":[\"EQ\"],\"columns[3].isRequired\":[\"1\"],\"columns[3].htmlType\":[\"radio\"],\"columns[3].dictType\":[\"\"],\"columns[4].columnId\":[\"100\"],\"columns[4].sort\":[\"5\"],\"columns[4].columnComment\":[\"å‡çº§æ¬¡æ•°\"],\"columns[4].javaType\":[\"Integer\"],\"columns[4].javaField\":[\"upTimes\"],\"columns[4].isInsert\":[\"1\"],\"columns[4].isEdit\":[\"1\"],\"columns[4].isList\":[\"1\"],\"columns[4].isQuery\":[\"1\"],\"columns[4].queryType\":[\"EQ\"],\"columns[4].isRequired\":[\"1\"],\"columns[4].htmlType\":[\"input\"],\"columns[4].dictType\":[\"\"],\"columns[5].columnId\":[\"101\"],\"columns[','{\r\n  \"msg\" : \"æ“ä½œæˆåŠŸ\",\r\n  \"code\" : 0\r\n}',0,NULL,'2021-06-13 20:56:51'),
(242,'èœå•ç®¡ç†',2,'com.ruoyi.web.controller.system.SysMenuController.editSave()','POST',1,'admin','ç ”å‘éƒ¨é—¨','/system/menu/edit','127.0.0.1','å†…ç½‘IP','{\"menuId\":[\"4\"],\"parentId\":[\"0\"],\"menuType\":[\"C\"],\"menuName\":[\"æ¼”ç¤ºç¯å¢ƒ\"],\"url\":[\"https://demo.kyee.com.cn/auth_web/new_login\"],\"target\":[\"menuBlank\"],\"perms\":[\"\"],\"orderNum\":[\"40\"],\"icon\":[\"fa fa-location-arrow\"],\"visible\":[\"0\"],\"isRefresh\":[\"1\"]}','{\r\n  \"msg\" : \"æ“ä½œæˆåŠŸ\",\r\n  \"code\" : 0\r\n}',0,NULL,'2021-06-13 21:17:21'),
(243,'èœå•ç®¡ç†',2,'com.ruoyi.web.controller.system.SysMenuController.editSave()','POST',1,'admin','ç ”å‘éƒ¨é—¨','/system/menu/edit','127.0.0.1','å†…ç½‘IP','{\"menuId\":[\"4\"],\"parentId\":[\"0\"],\"menuType\":[\"C\"],\"menuName\":[\"æ¼”ç¤ºç¯å¢ƒ\"],\"url\":[\"https://demo.kyee.com.cn/auth_web/new_login\"],\"target\":[\"menuBlank\"],\"perms\":[\"\"],\"orderNum\":[\"999\"],\"icon\":[\"fa fa-location-arrow\"],\"visible\":[\"0\"],\"isRefresh\":[\"1\"]}','{\r\n  \"msg\" : \"æ“ä½œæˆåŠŸ\",\r\n  \"code\" : 0\r\n}',0,NULL,'2021-06-13 21:18:18'),
(244,'èœå•ç®¡ç†',2,'com.ruoyi.web.controller.system.SysMenuController.editSave()','POST',1,'admin','ç ”å‘éƒ¨é—¨','/system/menu/edit','127.0.0.1','å†…ç½‘IP','{\"menuId\":[\"4\"],\"parentId\":[\"0\"],\"menuType\":[\"C\"],\"menuName\":[\"æ¼”ç¤ºç¯å¢ƒ\"],\"url\":[\"https://demo.kyee.com.cn/auth_web/new_login\"],\"target\":[\"menuBlank\"],\"perms\":[\"\"],\"orderNum\":[\"999\"],\"icon\":[\"fa fa-location-arrow\"],\"visible\":[\"1\"],\"isRefresh\":[\"1\"]}','{\r\n  \"msg\" : \"æ“ä½œæˆåŠŸ\",\r\n  \"code\" : 0\r\n}',0,NULL,'2021-06-13 21:21:05'),
(245,'é¡¹ç›®',2,'com.kyee.upgrade.controller.UpProjectController.editSave()','POST',1,'admin','ç ”å‘éƒ¨é—¨','/upgrade/project/edit','127.0.0.1','å†…ç½‘IP','{\"projectId\":[\"1\"],\"projectName\":[\"é˜³è¥¿\"],\"remark\":[\"é˜³è¥¿å¿åŒ»å…±ä½“\"]}','{\r\n  \"msg\" : \"æ“ä½œæˆåŠŸ\",\r\n  \"code\" : 0\r\n}',0,NULL,'2021-06-13 21:25:21'),
(246,'äº§å“',1,'com.kyee.upgrade.controller.UpProductController.addSave()','POST',1,'admin','ç ”å‘éƒ¨é—¨','/upgrade/product/add','127.0.0.1','å†…ç½‘IP','{\"productName\":[\"AuthInter\"],\"remark\":[\"HISæ¥å£é¡¹ç›®\"]}','{\r\n  \"msg\" : \"æ“ä½œæˆåŠŸ\",\r\n  \"code\" : 0\r\n}',0,NULL,'2021-06-13 21:25:55'),
(247,'èœå•ç®¡ç†',2,'com.ruoyi.web.controller.system.SysMenuController.editSave()','POST',1,'admin','ç ”å‘éƒ¨é—¨','/system/menu/edit','127.0.0.1','å†…ç½‘IP','{\"menuId\":[\"1089\"],\"parentId\":[\"1062\"],\"menuType\":[\"C\"],\"menuName\":[\"è¡¥ä¸åŒ…å‘å¸ƒ\"],\"url\":[\"/upgrade/patch\"],\"target\":[\"menuItem\"],\"perms\":[\"upgrade:patch:view\"],\"orderNum\":[\"1\"],\"icon\":[\"fa fa-bug\"],\"visible\":[\"0\"],\"isRefresh\":[\"1\"]}','{\r\n  \"msg\" : \"æ“ä½œæˆåŠŸ\",\r\n  \"code\" : 0\r\n}',0,NULL,'2021-06-13 21:31:45'),
(248,'èœå•ç®¡ç†',2,'com.ruoyi.web.controller.system.SysMenuController.editSave()','POST',1,'admin','ç ”å‘éƒ¨é—¨','/system/menu/edit','127.0.0.1','å†…ç½‘IP','{\"menuId\":[\"1089\"],\"parentId\":[\"1062\"],\"menuType\":[\"C\"],\"menuName\":[\"è¡¥ä¸åŒ…ç®¡ç†\"],\"url\":[\"/upgrade/patch\"],\"target\":[\"menuItem\"],\"perms\":[\"upgrade:patch:view\"],\"orderNum\":[\"1\"],\"icon\":[\"fa fa-bug\"],\"visible\":[\"0\"],\"isRefresh\":[\"1\"]}','{\r\n  \"msg\" : \"æ“ä½œæˆåŠŸ\",\r\n  \"code\" : 0\r\n}',0,NULL,'2021-06-13 21:32:53'),
(249,'ä»£ç ç”Ÿæˆ',2,'com.ruoyi.generator.controller.GenController.synchDb()','GET',1,'admin','ç ”å‘éƒ¨é—¨','/tool/gen/synchDb/up_upgrade_record','127.0.0.1','å†…ç½‘IP','\"up_upgrade_record\"','{\r\n  \"msg\" : \"æ“ä½œæˆåŠŸ\",\r\n  \"code\" : 0\r\n}',0,NULL,'2021-06-13 21:33:11'),
(250,'ä»£ç ç”Ÿæˆ',2,'com.ruoyi.generator.controller.GenController.editSave()','POST',1,'admin','ç ”å‘éƒ¨é—¨','/tool/gen/edit','127.0.0.1','å†…ç½‘IP','{\"tableId\":[\"10\"],\"tableName\":[\"up_upgrade_record\"],\"tableComment\":[\"å‡çº§è®°å½•è¡¨\"],\"className\":[\"UpUpgradeRecord\"],\"functionAuthor\":[\"lijunqiang\"],\"remark\":[\"\"],\"columns[0].columnId\":[\"96\"],\"columns[0].sort\":[\"1\"],\"columns[0].columnComment\":[\"è®°å½•ID\"],\"columns[0].javaType\":[\"Long\"],\"columns[0].javaField\":[\"upgradeId\"],\"columns[0].isInsert\":[\"1\"],\"columns[0].queryType\":[\"EQ\"],\"columns[0].htmlType\":[\"input\"],\"columns[0].dictType\":[\"\"],\"columns[1].columnId\":[\"97\"],\"columns[1].sort\":[\"2\"],\"columns[1].columnComment\":[\"æœåŠ¡ID\"],\"columns[1].javaType\":[\"Long\"],\"columns[1].javaField\":[\"serverId\"],\"columns[1].isInsert\":[\"1\"],\"columns[1].isEdit\":[\"1\"],\"columns[1].isList\":[\"1\"],\"columns[1].isQuery\":[\"1\"],\"columns[1].queryType\":[\"EQ\"],\"columns[1].isRequired\":[\"1\"],\"columns[1].htmlType\":[\"input\"],\"columns[1].dictType\":[\"\"],\"columns[2].columnId\":[\"98\"],\"columns[2].sort\":[\"3\"],\"columns[2].columnComment\":[\"è¡¥ä¸ID\"],\"columns[2].javaType\":[\"Long\"],\"columns[2].javaField\":[\"patchId\"],\"columns[2].isInsert\":[\"1\"],\"columns[2].isEdit\":[\"1\"],\"columns[2].isList\":[\"1\"],\"columns[2].isQuery\":[\"1\"],\"columns[2].queryType\":[\"EQ\"],\"columns[2].isRequired\":[\"1\"],\"columns[2].htmlType\":[\"input\"],\"columns[2].dictType\":[\"\"],\"columns[3].columnId\":[\"99\"],\"columns[3].sort\":[\"4\"],\"columns[3].columnComment\":[\"å‡çº§çŠ¶æ€\"],\"columns[3].javaType\":[\"String\"],\"columns[3].javaField\":[\"upStatus\"],\"columns[3].isInsert\":[\"1\"],\"columns[3].isEdit\":[\"1\"],\"columns[3].isList\":[\"1\"],\"columns[3].isQuery\":[\"1\"],\"columns[3].queryType\":[\"EQ\"],\"columns[3].isRequired\":[\"1\"],\"columns[3].htmlType\":[\"radio\"],\"columns[3].dictType\":[\"\"],\"columns[4].columnId\":[\"100\"],\"columns[4].sort\":[\"5\"],\"columns[4].columnComment\":[\"å‡çº§æ¬¡æ•°\"],\"columns[4].javaType\":[\"Integer\"],\"columns[4].javaField\":[\"upTimes\"],\"columns[4].isInsert\":[\"1\"],\"columns[4].isEdit\":[\"1\"],\"columns[4].isList\":[\"1\"],\"columns[4].isQuery\":[\"1\"],\"columns[4].queryType\":[\"EQ\"],\"columns[4].isRequired\":[\"1\"],\"columns[4].htmlType\":[\"input\"],\"columns[4].dictType\":[\"\"],\"columns[5].columnId\":[\"101\"],\"columns[','{\r\n  \"msg\" : \"æ“ä½œæˆåŠŸ\",\r\n  \"code\" : 0\r\n}',0,NULL,'2021-06-13 21:39:49'),
(251,'ä»£ç ç”Ÿæˆ',2,'com.ruoyi.generator.controller.GenController.editSave()','POST',1,'admin','ç ”å‘éƒ¨é—¨','/tool/gen/edit','127.0.0.1','å†…ç½‘IP','{\"tableId\":[\"10\"],\"tableName\":[\"up_upgrade_record\"],\"tableComment\":[\"å‡çº§è®°å½•è¡¨\"],\"className\":[\"UpUpgradeRecord\"],\"functionAuthor\":[\"lijunqiang\"],\"remark\":[\"\"],\"columns[0].columnId\":[\"96\"],\"columns[0].sort\":[\"1\"],\"columns[0].columnComment\":[\"è®°å½•ID\"],\"columns[0].javaType\":[\"Long\"],\"columns[0].javaField\":[\"upgradeId\"],\"columns[0].isInsert\":[\"1\"],\"columns[0].queryType\":[\"EQ\"],\"columns[0].htmlType\":[\"input\"],\"columns[0].dictType\":[\"\"],\"columns[1].columnId\":[\"97\"],\"columns[1].sort\":[\"2\"],\"columns[1].columnComment\":[\"æœåŠ¡ID\"],\"columns[1].javaType\":[\"Long\"],\"columns[1].javaField\":[\"serverId\"],\"columns[1].isInsert\":[\"1\"],\"columns[1].isEdit\":[\"1\"],\"columns[1].isList\":[\"1\"],\"columns[1].isQuery\":[\"1\"],\"columns[1].queryType\":[\"EQ\"],\"columns[1].isRequired\":[\"1\"],\"columns[1].htmlType\":[\"checkbox\"],\"columns[1].dictType\":[\"\"],\"columns[2].columnId\":[\"98\"],\"columns[2].sort\":[\"3\"],\"columns[2].columnComment\":[\"è¡¥ä¸ID\"],\"columns[2].javaType\":[\"Long\"],\"columns[2].javaField\":[\"patchId\"],\"columns[2].isInsert\":[\"1\"],\"columns[2].isEdit\":[\"1\"],\"columns[2].isList\":[\"1\"],\"columns[2].isQuery\":[\"1\"],\"columns[2].queryType\":[\"EQ\"],\"columns[2].isRequired\":[\"1\"],\"columns[2].htmlType\":[\"checkbox\"],\"columns[2].dictType\":[\"\"],\"columns[3].columnId\":[\"99\"],\"columns[3].sort\":[\"4\"],\"columns[3].columnComment\":[\"å‡çº§çŠ¶æ€\"],\"columns[3].javaType\":[\"String\"],\"columns[3].javaField\":[\"upStatus\"],\"columns[3].isInsert\":[\"1\"],\"columns[3].isEdit\":[\"1\"],\"columns[3].isList\":[\"1\"],\"columns[3].queryType\":[\"EQ\"],\"columns[3].htmlType\":[\"radio\"],\"columns[3].dictType\":[\"\"],\"columns[4].columnId\":[\"100\"],\"columns[4].sort\":[\"5\"],\"columns[4].columnComment\":[\"å‡çº§æ¬¡æ•°\"],\"columns[4].javaType\":[\"Integer\"],\"columns[4].javaField\":[\"upTimes\"],\"columns[4].isInsert\":[\"1\"],\"columns[4].isEdit\":[\"1\"],\"columns[4].isList\":[\"1\"],\"columns[4].queryType\":[\"EQ\"],\"columns[4].htmlType\":[\"input\"],\"columns[4].dictType\":[\"\"],\"columns[5].columnId\":[\"101\"],\"columns[5].sort\":[\"6\"],\"columns[5].columnComment\":[\"æœ€åå‡çº§äººå‘˜\"],\"columns[5].javaType\":[\"String\"],\"columns[5].javaField\"','{\r\n  \"msg\" : \"æ“ä½œæˆåŠŸ\",\r\n  \"code\" : 0\r\n}',0,NULL,'2021-06-13 21:51:15'),
(252,'ä»£ç ç”Ÿæˆ',8,'com.ruoyi.generator.controller.GenController.download()','GET',1,'admin','ç ”å‘éƒ¨é—¨','/tool/gen/download/up_upgrade_record','127.0.0.1','å†…ç½‘IP','\"up_upgrade_record\"',NULL,0,NULL,'2021-06-13 21:51:30'),
(253,'èœå•ç®¡ç†',2,'com.ruoyi.web.controller.system.SysMenuController.editSave()','POST',1,'admin','ç ”å‘éƒ¨é—¨','/system/menu/edit','127.0.0.1','å†…ç½‘IP','{\"menuId\":[\"1095\"],\"parentId\":[\"1062\"],\"menuType\":[\"C\"],\"menuName\":[\"å‡çº§ç®¡ç†\"],\"url\":[\"/upgrade/uprecord\"],\"target\":[\"menuItem\"],\"perms\":[\"upgrade:uprecord:view\"],\"orderNum\":[\"1\"],\"icon\":[\"fa fa-rocket\"],\"visible\":[\"0\"],\"isRefresh\":[\"1\"]}','{\r\n  \"msg\" : \"æ“ä½œæˆåŠŸ\",\r\n  \"code\" : 0\r\n}',0,NULL,'2021-06-13 21:58:52'),
(254,'èœå•ç®¡ç†',2,'com.ruoyi.web.controller.system.SysMenuController.editSave()','POST',1,'admin','ç ”å‘éƒ¨é—¨','/system/menu/edit','127.0.0.1','å†…ç½‘IP','{\"menuId\":[\"1095\"],\"parentId\":[\"1062\"],\"menuType\":[\"C\"],\"menuName\":[\"å‡çº§ç®¡ç†\"],\"url\":[\"/upgrade/uprecord\"],\"target\":[\"menuItem\"],\"perms\":[\"upgrade:uprecord:view\"],\"orderNum\":[\"1\"],\"icon\":[\"fa fa-paper-plane-o\"],\"visible\":[\"0\"],\"isRefresh\":[\"1\"]}','{\r\n  \"msg\" : \"æ“ä½œæˆåŠŸ\",\r\n  \"code\" : 0\r\n}',0,NULL,'2021-06-13 21:59:24'),
(255,'ä»£ç ç”Ÿæˆ',2,'com.ruoyi.generator.controller.GenController.editSave()','POST',1,'admin','ç ”å‘éƒ¨é—¨','/tool/gen/edit','127.0.0.1','å†…ç½‘IP','{\"tableId\":[\"10\"],\"tableName\":[\"up_upgrade_record\"],\"tableComment\":[\"å‡çº§è®°å½•è¡¨\"],\"className\":[\"UpUpgradeRecord\"],\"functionAuthor\":[\"lijunqiang\"],\"remark\":[\"\"],\"columns[0].columnId\":[\"96\"],\"columns[0].sort\":[\"1\"],\"columns[0].columnComment\":[\"è®°å½•ID\"],\"columns[0].javaType\":[\"Long\"],\"columns[0].javaField\":[\"upgradeId\"],\"columns[0].isInsert\":[\"1\"],\"columns[0].queryType\":[\"EQ\"],\"columns[0].htmlType\":[\"input\"],\"columns[0].dictType\":[\"\"],\"columns[1].columnId\":[\"97\"],\"columns[1].sort\":[\"2\"],\"columns[1].columnComment\":[\"æœåŠ¡ID\"],\"columns[1].javaType\":[\"Long\"],\"columns[1].javaField\":[\"serverId\"],\"columns[1].isInsert\":[\"1\"],\"columns[1].isEdit\":[\"1\"],\"columns[1].isList\":[\"1\"],\"columns[1].isQuery\":[\"1\"],\"columns[1].queryType\":[\"EQ\"],\"columns[1].isRequired\":[\"1\"],\"columns[1].htmlType\":[\"select\"],\"columns[1].dictType\":[\"\"],\"columns[2].columnId\":[\"98\"],\"columns[2].sort\":[\"3\"],\"columns[2].columnComment\":[\"è¡¥ä¸ID\"],\"columns[2].javaType\":[\"Long\"],\"columns[2].javaField\":[\"patchId\"],\"columns[2].isInsert\":[\"1\"],\"columns[2].isEdit\":[\"1\"],\"columns[2].isList\":[\"1\"],\"columns[2].isQuery\":[\"1\"],\"columns[2].queryType\":[\"EQ\"],\"columns[2].isRequired\":[\"1\"],\"columns[2].htmlType\":[\"select\"],\"columns[2].dictType\":[\"\"],\"columns[3].columnId\":[\"99\"],\"columns[3].sort\":[\"4\"],\"columns[3].columnComment\":[\"å‡çº§çŠ¶æ€\"],\"columns[3].javaType\":[\"String\"],\"columns[3].javaField\":[\"upStatus\"],\"columns[3].isInsert\":[\"1\"],\"columns[3].isEdit\":[\"1\"],\"columns[3].isList\":[\"1\"],\"columns[3].isQuery\":[\"1\"],\"columns[3].queryType\":[\"EQ\"],\"columns[3].htmlType\":[\"select\"],\"columns[3].dictType\":[\"up_upgrade_status\"],\"columns[4].columnId\":[\"100\"],\"columns[4].sort\":[\"5\"],\"columns[4].columnComment\":[\"å‡çº§æ¬¡æ•°\"],\"columns[4].javaType\":[\"Integer\"],\"columns[4].javaField\":[\"upTimes\"],\"columns[4].isInsert\":[\"1\"],\"columns[4].isEdit\":[\"1\"],\"columns[4].isList\":[\"1\"],\"columns[4].queryType\":[\"EQ\"],\"columns[4].htmlType\":[\"input\"],\"columns[4].dictType\":[\"\"],\"columns[5].columnId\":[\"101\"],\"columns[5].sort\":[\"6\"],\"columns[5].columnComment\":[\"æœ€åå‡çº§äººå‘˜\"],\"columns[5].ja','{\r\n  \"msg\" : \"æ“ä½œæˆåŠŸ\",\r\n  \"code\" : 0\r\n}',0,NULL,'2021-06-13 22:03:07'),
(256,'ä»£ç ç”Ÿæˆ',8,'com.ruoyi.generator.controller.GenController.download()','GET',1,'admin','ç ”å‘éƒ¨é—¨','/tool/gen/download/up_upgrade_record','127.0.0.1','å†…ç½‘IP','\"up_upgrade_record\"',NULL,0,NULL,'2021-06-13 22:03:11');

/*Table structure for table `sys_post` */

DROP TABLE IF EXISTS `sys_post`;

CREATE TABLE `sys_post` (
  `post_id` bigint(20) NOT NULL AUTO_INCREMENT COMMENT 'å²—ä½ID',
  `post_code` varchar(64) NOT NULL COMMENT 'å²—ä½ç¼–ç ',
  `post_name` varchar(50) NOT NULL COMMENT 'å²—ä½åç§°',
  `post_sort` int(4) NOT NULL COMMENT 'æ˜¾ç¤ºé¡ºåº',
  `status` char(1) NOT NULL COMMENT 'çŠ¶æ€ï¼ˆ0æ­£å¸¸ 1åœç”¨ï¼‰',
  `create_by` varchar(64) DEFAULT '' COMMENT 'åˆ›å»ºè€…',
  `create_time` datetime DEFAULT NULL COMMENT 'åˆ›å»ºæ—¶é—´',
  `update_by` varchar(64) DEFAULT '' COMMENT 'æ›´æ–°è€…',
  `update_time` datetime DEFAULT NULL COMMENT 'æ›´æ–°æ—¶é—´',
  `remark` varchar(500) DEFAULT NULL COMMENT 'å¤‡æ³¨',
  PRIMARY KEY (`post_id`)
) ENGINE=InnoDB AUTO_INCREMENT=6 DEFAULT CHARSET=utf8 COMMENT='å²—ä½ä¿¡æ¯è¡¨';

/*Data for the table `sys_post` */

insert  into `sys_post`(`post_id`,`post_code`,`post_name`,`post_sort`,`status`,`create_by`,`create_time`,`update_by`,`update_time`,`remark`) values 
(1,'gly','ç®¡ç†å‘˜',1,'0','admin','2021-06-08 21:53:28','admin','2021-06-09 08:47:23',''),
(2,'ssxmjl','å®æ–½é¡¹ç›®ç»ç†',2,'0','admin','2021-06-08 21:53:28','admin','2021-06-09 08:47:11',''),
(3,'ssry','å®æ–½äººå‘˜',3,'0','admin','2021-06-08 21:53:28','admin','2021-06-09 08:47:41',''),
(4,'csry','æµ‹è¯•äººå‘˜',4,'0','admin','2021-06-08 21:53:28','admin','2021-06-09 08:48:05',''),
(5,'kfry','å¼€å‘äººå‘˜',5,'0','admin','2021-06-09 08:48:55','',NULL,NULL);

/*Table structure for table `sys_role` */

DROP TABLE IF EXISTS `sys_role`;

CREATE TABLE `sys_role` (
  `role_id` bigint(20) NOT NULL AUTO_INCREMENT COMMENT 'è§’è‰²ID',
  `role_name` varchar(30) NOT NULL COMMENT 'è§’è‰²åç§°',
  `role_key` varchar(100) NOT NULL COMMENT 'è§’è‰²æƒé™å­—ç¬¦ä¸²',
  `role_sort` int(4) NOT NULL COMMENT 'æ˜¾ç¤ºé¡ºåº',
  `data_scope` char(1) DEFAULT '1' COMMENT 'æ•°æ®èŒƒå›´ï¼ˆ1ï¼šå…¨éƒ¨æ•°æ®æƒé™ 2ï¼šè‡ªå®šæ•°æ®æƒé™ 3ï¼šæœ¬éƒ¨é—¨æ•°æ®æƒé™ 4ï¼šæœ¬éƒ¨é—¨åŠä»¥ä¸‹æ•°æ®æƒé™ï¼‰',
  `status` char(1) NOT NULL COMMENT 'è§’è‰²çŠ¶æ€ï¼ˆ0æ­£å¸¸ 1åœç”¨ï¼‰',
  `del_flag` char(1) DEFAULT '0' COMMENT 'åˆ é™¤æ ‡å¿—ï¼ˆ0ä»£è¡¨å­˜åœ¨ 2ä»£è¡¨åˆ é™¤ï¼‰',
  `create_by` varchar(64) DEFAULT '' COMMENT 'åˆ›å»ºè€…',
  `create_time` datetime DEFAULT NULL COMMENT 'åˆ›å»ºæ—¶é—´',
  `update_by` varchar(64) DEFAULT '' COMMENT 'æ›´æ–°è€…',
  `update_time` datetime DEFAULT NULL COMMENT 'æ›´æ–°æ—¶é—´',
  `remark` varchar(500) DEFAULT NULL COMMENT 'å¤‡æ³¨',
  PRIMARY KEY (`role_id`)
) ENGINE=InnoDB AUTO_INCREMENT=4 DEFAULT CHARSET=utf8 COMMENT='è§’è‰²ä¿¡æ¯è¡¨';

/*Data for the table `sys_role` */

insert  into `sys_role`(`role_id`,`role_name`,`role_key`,`role_sort`,`data_scope`,`status`,`del_flag`,`create_by`,`create_time`,`update_by`,`update_time`,`remark`) values 
(1,'è¶…çº§ç®¡ç†å‘˜','admin',1,'1','0','0','admin','2021-06-08 21:53:28','',NULL,'è¶…çº§ç®¡ç†å‘˜'),
(2,'æ™®é€šè§’è‰²','common',2,'2','0','0','admin','2021-06-08 21:53:28','',NULL,'æ™®é€šè§’è‰²'),
(3,'æµ‹è¯•è§’è‰²','tester',3,'2','0','0','admin','2021-06-09 08:41:32','admin','2021-06-09 08:43:22','æµ‹è¯•äººå‘˜');

/*Table structure for table `sys_role_dept` */

DROP TABLE IF EXISTS `sys_role_dept`;

CREATE TABLE `sys_role_dept` (
  `role_id` bigint(20) NOT NULL COMMENT 'è§’è‰²ID',
  `dept_id` bigint(20) NOT NULL COMMENT 'éƒ¨é—¨ID',
  PRIMARY KEY (`role_id`,`dept_id`)
) ENGINE=InnoDB DEFAULT CHARSET=utf8 COMMENT='è§’è‰²å’Œéƒ¨é—¨å…³è”è¡¨';

/*Data for the table `sys_role_dept` */

insert  into `sys_role_dept`(`role_id`,`dept_id`) values 
(2,100),
(2,101),
(2,105),
(3,100),
(3,101),
(3,103),
(3,105);

/*Table structure for table `sys_role_menu` */

DROP TABLE IF EXISTS `sys_role_menu`;

CREATE TABLE `sys_role_menu` (
  `role_id` bigint(20) NOT NULL COMMENT 'è§’è‰²ID',
  `menu_id` bigint(20) NOT NULL COMMENT 'èœå•ID',
  PRIMARY KEY (`role_id`,`menu_id`)
) ENGINE=InnoDB DEFAULT CHARSET=utf8 COMMENT='è§’è‰²å’Œèœå•å…³è”è¡¨';

/*Data for the table `sys_role_menu` */

insert  into `sys_role_menu`(`role_id`,`menu_id`) values 
(2,1),
(2,2),
(2,3),
(2,4),
(2,100),
(2,101),
(2,102),
(2,103),
(2,104),
(2,105),
(2,106),
(2,107),
(2,108),
(2,109),
(2,110),
(2,111),
(2,112),
(2,113),
(2,114),
(2,115),
(2,116),
(2,500),
(2,501),
(2,1000),
(2,1001),
(2,1002),
(2,1003),
(2,1004),
(2,1005),
(2,1006),
(2,1007),
(2,1008),
(2,1009),
(2,1010),
(2,1011),
(2,1012),
(2,1013),
(2,1014),
(2,1015),
(2,1016),
(2,1017),
(2,1018),
(2,1019),
(2,1020),
(2,1021),
(2,1022),
(2,1023),
(2,1024),
(2,1025),
(2,1026),
(2,1027),
(2,1028),
(2,1029),
(2,1030),
(2,1031),
(2,1032),
(2,1033),
(2,1034),
(2,1035),
(2,1036),
(2,1037),
(2,1038),
(2,1039),
(2,1040),
(2,1041),
(2,1042),
(2,1043),
(2,1044),
(2,1045),
(2,1046),
(2,1047),
(2,1048),
(2,1049),
(2,1050),
(2,1051),
(2,1052),
(2,1053),
(2,1054),
(2,1055),
(2,1056),
(2,1057),
(2,1058),
(2,1059),
(2,1060),
(2,1061),
(3,1),
(3,2),
(3,3),
(3,4),
(3,100),
(3,101),
(3,102),
(3,103),
(3,104),
(3,105),
(3,106),
(3,107),
(3,108),
(3,109),
(3,110),
(3,111),
(3,112),
(3,113),
(3,114),
(3,115),
(3,116),
(3,500),
(3,501),
(3,1000),
(3,1001),
(3,1002),
(3,1003),
(3,1004),
(3,1005),
(3,1006),
(3,1007),
(3,1008),
(3,1009),
(3,1010),
(3,1011),
(3,1012),
(3,1013),
(3,1014),
(3,1015),
(3,1016),
(3,1017),
(3,1018),
(3,1019),
(3,1020),
(3,1021),
(3,1022),
(3,1023),
(3,1024),
(3,1025),
(3,1026),
(3,1027),
(3,1028),
(3,1029),
(3,1030),
(3,1031),
(3,1032),
(3,1033),
(3,1034),
(3,1035),
(3,1036),
(3,1037),
(3,1038),
(3,1039),
(3,1040),
(3,1041),
(3,1042),
(3,1043),
(3,1044),
(3,1045),
(3,1046),
(3,1047),
(3,1048),
(3,1049),
(3,1050),
(3,1051),
(3,1052),
(3,1053),
(3,1054),
(3,1055),
(3,1056),
(3,1057),
(3,1058),
(3,1059),
(3,1060),
(3,1061);

/*Table structure for table `sys_user` */

DROP TABLE IF EXISTS `sys_user`;

CREATE TABLE `sys_user` (
  `user_id` bigint(20) NOT NULL AUTO_INCREMENT COMMENT 'ç”¨æˆ·ID',
  `dept_id` bigint(20) DEFAULT NULL COMMENT 'éƒ¨é—¨ID',
  `login_name` varchar(30) NOT NULL COMMENT 'ç™»å½•è´¦å·',
  `user_name` varchar(30) DEFAULT '' COMMENT 'ç”¨æˆ·æ˜µç§°',
  `user_type` varchar(2) DEFAULT '00' COMMENT 'ç”¨æˆ·ç±»å‹ï¼ˆ00ç³»ç»Ÿç”¨æˆ· 01æ³¨å†Œç”¨æˆ·ï¼‰',
  `email` varchar(50) DEFAULT '' COMMENT 'ç”¨æˆ·é‚®ç®±',
  `phonenumber` varchar(11) DEFAULT '' COMMENT 'æ‰‹æœºå·ç ',
  `sex` char(1) DEFAULT '0' COMMENT 'ç”¨æˆ·æ€§åˆ«ï¼ˆ0ç”· 1å¥³ 2æœªçŸ¥ï¼‰',
  `avatar` varchar(100) DEFAULT '' COMMENT 'å¤´åƒè·¯å¾„',
  `password` varchar(50) DEFAULT '' COMMENT 'å¯†ç ',
  `salt` varchar(20) DEFAULT '' COMMENT 'ç›åŠ å¯†',
  `status` char(1) DEFAULT '0' COMMENT 'å¸å·çŠ¶æ€ï¼ˆ0æ­£å¸¸ 1åœç”¨ï¼‰',
  `del_flag` char(1) DEFAULT '0' COMMENT 'åˆ é™¤æ ‡å¿—ï¼ˆ0ä»£è¡¨å­˜åœ¨ 2ä»£è¡¨åˆ é™¤ï¼‰',
  `login_ip` varchar(128) DEFAULT '' COMMENT 'æœ€åç™»å½•IP',
  `login_date` datetime DEFAULT NULL COMMENT 'æœ€åç™»å½•æ—¶é—´',
  `pwd_update_date` datetime DEFAULT NULL COMMENT 'å¯†ç æœ€åæ›´æ–°æ—¶é—´',
  `create_by` varchar(64) DEFAULT '' COMMENT 'åˆ›å»ºè€…',
  `create_time` datetime DEFAULT NULL COMMENT 'åˆ›å»ºæ—¶é—´',
  `update_by` varchar(64) DEFAULT '' COMMENT 'æ›´æ–°è€…',
  `update_time` datetime DEFAULT NULL COMMENT 'æ›´æ–°æ—¶é—´',
  `remark` varchar(500) DEFAULT NULL COMMENT 'å¤‡æ³¨',
  PRIMARY KEY (`user_id`)
) ENGINE=InnoDB AUTO_INCREMENT=4 DEFAULT CHARSET=utf8 COMMENT='ç”¨æˆ·ä¿¡æ¯è¡¨';

/*Data for the table `sys_user` */

insert  into `sys_user`(`user_id`,`dept_id`,`login_name`,`user_name`,`user_type`,`email`,`phonenumber`,`sex`,`avatar`,`password`,`salt`,`status`,`del_flag`,`login_ip`,`login_date`,`pwd_update_date`,`create_by`,`create_time`,`update_by`,`update_time`,`remark`) values 
(1,103,'admin','ç®¡ç†å‘˜','00','ry@163.com','15888888888','1','','29c67a30398638269fe600f73a054934','111111','0','0','127.0.0.1','2021-06-15 11:41:16','2021-06-08 21:53:28','admin','2021-06-08 21:53:28','','2021-06-15 11:41:15','ç®¡ç†å‘˜'),
(2,105,'ceshi','æµ‹è¯•','00','ry@qq.com','15666666666','1','','855ee8e4371fab33dcf9c783c1e1d697','2155f4','0','0','127.0.0.1','2021-06-08 23:20:34','2021-06-08 21:53:28','admin','2021-06-08 21:53:28','admin','2021-06-08 23:20:34','æµ‹è¯•å‘˜'),
(3,NULL,'shishi','å®æ–½','00','','18888888888','0','','2d23cef472ea14327ee1f8aec0f68199','8a4f41','0','0','',NULL,NULL,'admin','2021-06-09 08:40:01','',NULL,NULL);

/*Table structure for table `sys_user_online` */

DROP TABLE IF EXISTS `sys_user_online`;

CREATE TABLE `sys_user_online` (
  `sessionId` varchar(50) NOT NULL DEFAULT '' COMMENT 'ç”¨æˆ·ä¼šè¯id',
  `login_name` varchar(50) DEFAULT '' COMMENT 'ç™»å½•è´¦å·',
  `dept_name` varchar(50) DEFAULT '' COMMENT 'éƒ¨é—¨åç§°',
  `ipaddr` varchar(128) DEFAULT '' COMMENT 'ç™»å½•IPåœ°å€',
  `login_location` varchar(255) DEFAULT '' COMMENT 'ç™»å½•åœ°ç‚¹',
  `browser` varchar(50) DEFAULT '' COMMENT 'æµè§ˆå™¨ç±»å‹',
  `os` varchar(50) DEFAULT '' COMMENT 'æ“ä½œç³»ç»Ÿ',
  `status` varchar(10) DEFAULT '' COMMENT 'åœ¨çº¿çŠ¶æ€on_lineåœ¨çº¿off_lineç¦»çº¿',
  `start_timestamp` datetime DEFAULT NULL COMMENT 'sessionåˆ›å»ºæ—¶é—´',
  `last_access_time` datetime DEFAULT NULL COMMENT 'sessionæœ€åè®¿é—®æ—¶é—´',
  `expire_time` int(5) DEFAULT '0' COMMENT 'è¶…æ—¶æ—¶é—´ï¼Œå•ä½ä¸ºåˆ†é’Ÿ',
  PRIMARY KEY (`sessionId`)
) ENGINE=InnoDB DEFAULT CHARSET=utf8 COMMENT='åœ¨çº¿ç”¨æˆ·è®°å½•';

/*Data for the table `sys_user_online` */

/*Table structure for table `sys_user_post` */

DROP TABLE IF EXISTS `sys_user_post`;

CREATE TABLE `sys_user_post` (
  `user_id` bigint(20) NOT NULL COMMENT 'ç”¨æˆ·ID',
  `post_id` bigint(20) NOT NULL COMMENT 'å²—ä½ID',
  PRIMARY KEY (`user_id`,`post_id`)
) ENGINE=InnoDB DEFAULT CHARSET=utf8 COMMENT='ç”¨æˆ·ä¸å²—ä½å…³è”è¡¨';

/*Data for the table `sys_user_post` */

insert  into `sys_user_post`(`user_id`,`post_id`) values 
(1,1),
(2,2),
(3,2);

/*Table structure for table `sys_user_role` */

DROP TABLE IF EXISTS `sys_user_role`;

CREATE TABLE `sys_user_role` (
  `user_id` bigint(20) NOT NULL COMMENT 'ç”¨æˆ·ID',
  `role_id` bigint(20) NOT NULL COMMENT 'è§’è‰²ID',
  PRIMARY KEY (`user_id`,`role_id`)
) ENGINE=InnoDB DEFAULT CHARSET=utf8 COMMENT='ç”¨æˆ·å’Œè§’è‰²å…³è”è¡¨';

/*Data for the table `sys_user_role` */

insert  into `sys_user_role`(`user_id`,`role_id`) values 
(1,1),
(2,2),
(3,2);

/*Table structure for table `up_product` */

DROP TABLE IF EXISTS `up_product`;

CREATE TABLE `up_product` (
  `product_id` bigint(5) unsigned NOT NULL AUTO_INCREMENT COMMENT 'äº§å“ID',
  `product_name` varchar(30) NOT NULL COMMENT 'äº§å“å',
  `create_by` varchar(64) DEFAULT '' COMMENT 'åˆ›å»ºè€…',
  `create_time` datetime DEFAULT NULL COMMENT 'åˆ›å»ºæ—¶é—´',
  `update_by` varchar(64) DEFAULT '' COMMENT 'æ›´æ–°è€…',
  `update_time` datetime DEFAULT NULL COMMENT 'æ›´æ–°æ—¶é—´',
  `del_flag` char(1) DEFAULT 'N' COMMENT 'åˆ é™¤æ ‡è¯†',
  `remark` varchar(200) DEFAULT NULL COMMENT 'äº§å“å¤‡æ³¨',
  PRIMARY KEY (`product_id`)
) ENGINE=InnoDB AUTO_INCREMENT=3 DEFAULT CHARSET=utf8 COMMENT='äº§å“è¡¨';

/*Data for the table `up_product` */

insert  into `up_product`(`product_id`,`product_name`,`create_by`,`create_time`,`update_by`,`update_time`,`del_flag`,`remark`) values 
(1,'äº‘HIS','',NULL,'','2021-06-13 11:28:04','N','äº‘HISç³»ç»Ÿ-HIS'),
(2,'AuthInter','','2021-06-13 21:25:55','',NULL,'N','HISæ¥å£é¡¹ç›®');

/*Table structure for table `up_project` */

DROP TABLE IF EXISTS `up_project`;

CREATE TABLE `up_project` (
  `project_id` bigint(5) unsigned NOT NULL AUTO_INCREMENT COMMENT 'é¡¹ç›®ID',
  `project_name` varchar(100) NOT NULL COMMENT 'é¡¹ç›®å',
  `create_by` varchar(64) DEFAULT '' COMMENT 'åˆ›å»ºè€…',
  `create_time` datetime DEFAULT NULL COMMENT 'åˆ›å»ºæ—¶é—´',
  `update_by` varchar(64) DEFAULT '' COMMENT 'æ›´æ–°è€…',
  `update_time` datetime DEFAULT NULL COMMENT 'æ›´æ–°æ—¶é—´',
  `del_flag` char(1) DEFAULT 'N' COMMENT 'åˆ é™¤æ ‡è¯†',
  `remark` varchar(500) DEFAULT NULL COMMENT 'å¤‡æ³¨',
  PRIMARY KEY (`project_id`)
) ENGINE=InnoDB AUTO_INCREMENT=2 DEFAULT CHARSET=utf8 COMMENT='é¡¹ç›®è¡¨';

/*Data for the table `up_project` */

insert  into `up_project`(`project_id`,`project_name`,`create_by`,`create_time`,`update_by`,`update_time`,`del_flag`,`remark`) values 
(1,'é˜³è¥¿','',NULL,'','2021-06-13 21:25:22','N','é˜³è¥¿å¿åŒ»å…±ä½“');

/*Table structure for table `up_project_person` */

DROP TABLE IF EXISTS `up_project_person`;

CREATE TABLE `up_project_person` (
  `project_id` bigint(5) NOT NULL COMMENT 'é¡¹ç›®ID',
  `worker_id` bigint(10) NOT NULL COMMENT 'äººå‘˜å·¥å·',
  `worker_name` varchar(30) DEFAULT NULL COMMENT 'äººå‘˜å§“å',
  `create_by` varchar(64) DEFAULT '' COMMENT 'åˆ›å»ºè€…',
  `create_time` datetime DEFAULT NULL COMMENT 'åˆ›å»ºæ—¶é—´',
  `update_by` varchar(64) DEFAULT '' COMMENT 'æ›´æ–°è€…',
  `update_time` datetime DEFAULT NULL COMMENT 'æ›´æ–°æ—¶é—´',
  `del_flag` char(1) DEFAULT 'N' COMMENT 'åˆ é™¤æ ‡è¯†',
  `remark` varchar(500) DEFAULT NULL COMMENT 'å¤‡æ³¨',
  PRIMARY KEY (`project_id`,`worker_id`)
) ENGINE=InnoDB DEFAULT CHARSET=utf8 COMMENT='é¡¹ç›®äººå‘˜è¡¨';

/*Data for the table `up_project_person` */

/*Table structure for table `up_project_product` */

DROP TABLE IF EXISTS `up_project_product`;

CREATE TABLE `up_project_product` (
  `project_product_id` bigint(10) unsigned NOT NULL AUTO_INCREMENT COMMENT 'é¡¹ç›®äº§å“ID',
  `project_id` bigint(5) NOT NULL COMMENT 'é¡¹ç›®ID',
  `product_id` bigint(5) NOT NULL COMMENT 'äº§å“ID',
  `source_branch_name` varchar(100) NOT NULL COMMENT 'é¡¹ç›®ä»£ç åˆ†æ”¯',
  `db_version` varchar(20) DEFAULT NULL COMMENT 'æ•°æ®åº“ç‰ˆæœ¬',
  `min_server_version` varchar(20) DEFAULT NULL COMMENT 'æœ€å°æœåŠ¡ç‰ˆæœ¬',
  `max_server_version` varchar(20) DEFAULT NULL COMMENT 'æœ€å¤§æœåŠ¡ç‰ˆæœ¬',
  `last_upgrade_time` datetime DEFAULT NULL COMMENT 'æœ€åå‡çº§æ—¶é—´',
  `create_by` varchar(64) DEFAULT '' COMMENT 'åˆ›å»ºè€…',
  `create_time` datetime DEFAULT NULL COMMENT 'åˆ›å»ºæ—¶é—´',
  `update_by` varchar(64) DEFAULT '' COMMENT 'æ›´æ–°è€…',
  `update_time` datetime DEFAULT NULL COMMENT 'æ›´æ–°æ—¶é—´',
  `del_flag` char(1) DEFAULT 'N' COMMENT 'åˆ é™¤æ ‡è¯†',
  `remark` varchar(500) DEFAULT NULL COMMENT 'å¤‡æ³¨',
  PRIMARY KEY (`project_product_id`),
  UNIQUE KEY `UNIDX_Project_Product` (`project_id`,`product_id`)
) ENGINE=InnoDB AUTO_INCREMENT=2 DEFAULT CHARSET=utf8 COMMENT='é¡¹ç›®äº§å“è¡¨';

/*Data for the table `up_project_product` */

insert  into `up_project_product`(`project_product_id`,`project_id`,`product_id`,`source_branch_name`,`db_version`,`min_server_version`,`max_server_version`,`last_upgrade_time`,`create_by`,`create_time`,`update_by`,`update_time`,`del_flag`,`remark`) values 
(1,1,1,'project/master/yangxi','','','',NULL,'',NULL,'',NULL,'N',NULL);

/*Table structure for table `up_project_server` */

DROP TABLE IF EXISTS `up_project_server`;

CREATE TABLE `up_project_server` (
  `server_id` bigint(10) unsigned NOT NULL AUTO_INCREMENT COMMENT 'æœåŠ¡ID',
  `server_name` varchar(100) NOT NULL COMMENT 'æœåŠ¡åç§°',
  `project_id` bigint(5) NOT NULL COMMENT 'é¡¹ç›®ID',
  `product_id` bigint(5) NOT NULL COMMENT 'äº§å“ID',
  `server_ip` varchar(50) NOT NULL COMMENT 'æœåŠ¡IP',
  `server_port` int(5) NOT NULL COMMENT 'æœåŠ¡ç«¯å£å·',
  `server_path` varchar(200) DEFAULT NULL COMMENT 'æœåŠ¡æ–‡ä»¶å¤¹è·¯å¾„',
  `os_type` varchar(10) DEFAULT 'LINUX' COMMENT 'OSç±»å‹',
  `ssh_port` int(5) DEFAULT NULL COMMENT 'sshç«¯å£',
  `ssh_user` varchar(30) DEFAULT NULL COMMENT 'sshç”¨æˆ·å',
  `ssh_password` varchar(100) DEFAULT NULL COMMENT 'sshå¯†ç ',
  `create_by` varchar(64) DEFAULT '' COMMENT 'åˆ›å»ºè€…',
  `create_time` datetime DEFAULT NULL COMMENT 'åˆ›å»ºæ—¶é—´',
  `update_by` varchar(64) DEFAULT '' COMMENT 'æ›´æ–°è€…',
  `update_time` datetime DEFAULT NULL COMMENT 'æ›´æ–°æ—¶é—´',
  `del_flag` char(1) DEFAULT 'N' COMMENT 'åˆ é™¤æ ‡è¯†',
  `remark` varchar(500) DEFAULT NULL COMMENT 'å¤‡æ³¨',
  KEY `server_id` (`server_id`)
) ENGINE=InnoDB AUTO_INCREMENT=4 DEFAULT CHARSET=utf8 COMMENT='é¡¹ç›®åº”ç”¨æœåŠ¡è¡¨';

/*Data for the table `up_project_server` */

insert  into `up_project_server`(`server_id`,`server_name`,`project_id`,`product_id`,`server_ip`,`server_port`,`server_path`,`os_type`,`ssh_port`,`ssh_user`,`ssh_password`,`create_by`,`create_time`,`update_by`,`update_time`,`del_flag`,`remark`) values 
(1,'äººæ°‘31æœåŠ¡',1,1,'192.168.22.31',8080,NULL,'LINUX',NULL,NULL,NULL,'',NULL,'',NULL,'N',NULL),
(2,'äººæ°‘32æœåŠ¡',1,1,'192.168.22.32',8080,NULL,'LINUX',NULL,NULL,NULL,'',NULL,'',NULL,'N',NULL),
(3,'æµ‹è¯•æœåŠ¡',1,1,'192.168.22.100',8080,NULL,'LINUX',NULL,NULL,NULL,'',NULL,'',NULL,'N',NULL);

/*!40101 SET SQL_MODE=@OLD_SQL_MODE */;
/*!40014 SET FOREIGN_KEY_CHECKS=@OLD_FOREIGN_KEY_CHECKS */;
/*!40014 SET UNIQUE_CHECKS=@OLD_UNIQUE_CHECKS */;
/*!40111 SET SQL_NOTES=@OLD_SQL_NOTES */;
